Country,Data source,Sector,Gas,Unit,2017,2016,2015,2014,2013,2012,2011,2010,2009,2008,2007,2006,2005,2004,2003,2002,2001,2000,1999,1998,1997,1996,1995,1994,1993,1992,1991,1990
Afghanistan,CAIT,Total including LUCF,CO2,MtCO₂e,7.38,7.39,7.99,7.81,8.51,10.45,12.26,8.67,6.0,4.39,2.36,1.94,1.64,1.13,1.35,1.1,0.81,0.77,0.82,1.05,1.1,1.18,1.25,1.3,1.36,1.43,2.74,2.96
Afghanistan,CAIT,Transportation,CO2,MtCO₂e,3.55,4.16,4.88,3.87,4.85,6.98,7.79,5.97,3.9,2.86,1.29,1.19,0.94,0.57,0.57,0.36,0.38,0.36,0.35,0.55,0.59,0.64,0.68,0.71,0.74,0.77,1.55,1.67
Albania,CAIT,Total including LUCF,CO2,MtCO₂e,5.2,4.54,4.68,4.82,4.4,4.18,4.7,4.33,4.07,3.92,4.02,3.8,4.92,5.14,4.96,4.6,4.08,3.25,3.06,1.88,1.56,2.05,2.03,2.22,2.15,2.32,4.19,6.13
Albania,CAIT,Transportation,CO2,MtCO₂e,2.3,2.29,2.44,2.47,2.46,2.25,2.35,2.23,2.3,2.28,2.1,1.92,2.37,2.3,1.92,1.77,1.54,1.47,1.4,0.74,0.49,0.62,0.63,0.63,0.51,0.41,0.54,0.71
Algeria,CAIT,Total including LUCF,CO2,MtCO₂e,144.66,142.91,145.53,138.37,129.47,126.2,117.7,106.39,106.03,97.24,93.78,87.01,89.5,85.41,84.35,80.93,75.28,79.47,78.42,75.42,73.71,72.29,73.93,72.43,74.35,67.04,67.82,68.77
Algeria,CAIT,Transportation,CO2,MtCO₂e,44.69,45.19,46.41,43.51,40.26,38.64,34.22,31.71,30.52,29.19,27.6,25.63,24.16,22.03,21.76,19.36,17.04,16.85,16.47,15.46,15.01,14.96,15.11,15.52,16.96,16.8,16.88,15.81
Andorra,CAIT,Total including LUCF,CO2,MtCO₂e,N/A,0.45,0.44,0.44,0.45,0.47,0.47,0.48,0.48,0.5,0.5,0.51,0.55,0.53,0.51,0.5,0.5,0.5,0.49,0.47,0.45,0.43,0.41,0.39,0.39,0.39,0.39,0.39
Angola,CAIT,Total including LUCF,CO2,MtCO₂e,104.65,109.21,127.43,111.9,123.91,110.94,135.91,111.39,108.16,104.25,119.3,99.9,116.62,118.76,110.62,100.58,83.74,95.01,92.11,95.39,91.13,93.64,97.56,93.47,93.68,93.14,93.3,93.1
Angola,CAIT,Transportation,CO2,MtCO₂e,6.72,7.91,7.98,7.94,7.7,6.74,7.17,6.48,5.76,5.2,3.9,3.29,2.48,3.45,2.75,1.48,1.2,1.07,1.16,0.83,1.05,0.99,1.07,1.54,1.21,1.19,1.26,1.02
Antigua and Barbuda,CAIT,Total including LUCF,CO2,MtCO₂e,0.51,0.51,0.5,0.48,0.48,0.72,0.51,0.58,1.49,0.57,0.55,0.53,0.4,0.39,0.4,0.39,0.35,0.31,0.31,0.31,0.28,0.26,0.25,0.23,0.24,0.27,0.2,0.19
Antigua and Barbuda,CAIT,Transportation,CO2,MtCO₂e,0.21,0.21,0.2,0.19,0.19,0.28,0.19,0.19,0.61,0.2,0.19,0.19,0.18,0.18,0.18,0.18,0.16,0.15,0.16,0.16,0.14,0.14,0.14,0.13,0.13,0.14,0.1,0.1
Argentina,CAIT,Total including LUCF,CO2,MtCO₂e,275.57,279.73,279.24,275.19,280.34,282.88,274.32,266.2,268.13,275.34,267.93,266.88,240.52,240.75,219.03,209.58,211.35,198.4,201.41,201.06,193.85,193.65,184.01,184.01,181.23,177.55,175.53,170.04
Argentina,CAIT,Transportation,CO2,MtCO₂e,46.43,45.25,46.28,44.06,47.74,44.82,45.67,44.2,42.02,45.85,43.88,40.55,37.71,37.17,34.56,33.84,36.63,39.84,40.97,43.59,40.97,41.0,35.21,33.79,34.28,32.0,29.97,28.34
Armenia,CAIT,Total including LUCF,CO2,MtCO₂e,5.17,4.92,5.2,5.33,5.36,5.57,4.79,4.46,4.63,5.81,5.33,4.61,4.58,3.88,3.61,3.24,3.72,3.69,3.24,3.6,3.47,2.7,3.63,2.87,5.17,11.02,20.82,19.98
Armenia,CAIT,Transportation,CO2,MtCO₂e,1.67,1.58,1.66,1.71,1.28,1.3,1.3,1.26,1.14,1.26,1.06,0.67,0.67,0.61,0.59,0.54,0.57,0.57,0.07,0.07,0.06,0.06,0.11,0.16,1.19,1.83,2.9,2.96
Australia,CAIT,Total including LUCF,CO2,MtCO₂e,317.37,314.12,305.57,299.62,310.78,315.61,315.41,386.26,395.55,387.51,385.66,376.15,412.55,408.24,398.6,398.17,391.6,335.22,329.1,323.99,302.92,295.9,285.9,275.56,269.25,265.26,261.61,260.49
Australia,CAIT,Transportation,CO2,MtCO₂e,97.68,95.59,94.15,91.98,91.83,90.43,89.77,87.63,84.68,85.3,83.58,81.25,79.33,79.18,76.41,76.13,74.42,75.01,72.77,71.39,71.39,70.02,67.54,64.83,63.19,62.08,60.59,62.03
Austria,CAIT,Total including LUCF,CO2,MtCO₂e,60.79,58.35,58.11,56.95,60.71,60.07,63.23,65.65,60.11,66.43,66.94,69.79,69.0,68.57,67.22,62.13,60.67,51.53,51.05,52.67,52.22,52.9,49.18,46.28,45.8,45.66,50.42,46.27
Austria,CAIT,Transportation,CO2,MtCO₂e,24.54,23.98,23.15,22.65,23.11,21.65,21.72,22.52,21.72,22.55,23.58,23.39,24.54,23.84,23.52,21.93,20.05,18.55,17.82,18.3,16.19,17.13,15.5,15.28,15.23,15.08,15.05,13.63
Azerbaijan,CAIT,Total including LUCF,CO2,MtCO₂e,23.49,24.18,23.7,24.15,22.91,22.28,20.08,16.68,17.68,22.12,20.05,26.71,35.71,33.15,33.39,37.19,37.77,38.86,37.63,38.24,38.32,39.23,44.62,46.43,52.37,43.47,65.84,56.33
Azerbaijan,CAIT,Transportation,CO2,MtCO₂e,7.6,6.55,6.98,7.54,7.29,6.4,5.79,4.95,4.25,4.77,3.77,4.84,4.21,3.79,3.15,2.93,2.6,2.36,1.57,3.0,3.22,2.71,3.34,3.24,3.69,4.0,4.76,6.2
Bahamas,CAIT,Total including LUCF,CO2,MtCO₂e,2.49,2.53,2.71,2.97,3.46,3.99,2.77,6.99,10.93,7.02,6.98,6.93,1.06,1.2,1.29,1.31,1.17,0.69,0.78,0.82,0.32,0.52,0.63,0.59,0.65,1.08,0.43,0.33
Bahamas,CAIT,Transportation,CO2,MtCO₂e,0.48,0.37,0.44,0.59,0.7,0.78,0.55,0.46,1.54,0.38,0.37,0.36,0.32,0.29,0.29,0.31,0.31,0.3,0.31,0.32,0.3,0.29,0.31,0.29,0.31,0.38,0.3,0.33
Bahrain,CAIT,Total including LUCF,CO2,MtCO₂e,30.37,30.2,30.59,30.21,28.76,26.57,26.03,25.98,24.72,24.77,23.01,22.49,20.7,17.93,17.95,17.22,16.38,15.87,15.45,15.51,14.41,14.17,13.53,13.37,13.07,12.27,10.34,10.74
Bahrain,CAIT,Transportation,CO2,MtCO₂e,3.74,3.63,3.54,3.4,3.3,3.18,2.96,3.15,3.06,3.11,2.85,2.61,2.5,2.13,1.95,1.79,1.6,1.54,1.45,1.4,1.33,1.26,1.24,1.19,1.17,1.13,1.01,1.0
Bangladesh,CAIT,Total including LUCF,CO2,MtCO₂e,98.14,93.17,91.63,83.45,80.13,77.47,74.9,63.59,56.26,54.0,49.85,47.9,54.65,53.51,50.78,49.54,47.93,44.81,43.38,42.51,42.14,40.03,40.13,37.12,36.14,35.4,34.4,35.1
Bangladesh,CAIT,Transportation,CO2,MtCO₂e,10.94,9.81,9.26,8.85,8.18,8.66,8.57,7.36,6.35,6.02,5.39,5.28,5.06,4.54,3.93,3.86,3.79,3.03,3.1,3.4,3.32,2.94,2.67,2.21,2.17,2.11,1.83,1.67
Barbados,CAIT,Total including LUCF,CO2,MtCO₂e,1.2,1.31,1.29,1.29,1.48,2.22,1.67,1.65,4.68,1.84,1.54,1.53,1.4,1.35,1.37,1.36,1.3,1.22,1.29,1.25,1.15,1.05,1.05,1.01,0.97,1.16,0.96,0.97
Barbados,CAIT,Transportation,CO2,MtCO₂e,0.44,0.43,0.42,0.41,0.42,0.67,0.51,0.47,1.36,0.51,0.45,0.45,0.44,0.42,0.43,0.43,0.41,0.38,0.38,0.38,0.34,0.28,0.33,0.32,0.31,0.36,0.27,0.27
Belarus,CAIT,Total including LUCF,CO2,MtCO₂e,53.18,52.14,53.58,57.86,57.16,58.39,55.4,32.47,28.46,31.29,28.57,31.16,36.51,35.55,34.19,37.31,31.85,40.96,43.01,45.13,46.93,46.41,46.24,53.38,64.95,76.49,84.43,88.04
Belarus,CAIT,Transportation,CO2,MtCO₂e,11.27,10.81,10.4,11.61,12.2,11.69,10.89,10.25,9.66,10.56,9.3,9.14,7.78,6.99,6.83,6.61,6.13,6.46,7.1,8.05,7.62,7.26,6.68,6.74,9.48,11.33,12.26,11.49
Belgium,CAIT,Total including LUCF,CO2,MtCO₂e,90.05,91.6,92.47,87.44,93.89,92.24,92.92,103.77,96.96,104.23,101.88,105.94,107.29,110.7,112.18,107.53,115.03,114.01,111.68,115.58,112.8,115.61,110.74,111.07,106.27,108.5,110.13,105.48
Belgium,CAIT,Transportation,CO2,MtCO₂e,25.21,25.8,26.11,24.42,24.21,24.7,25.51,25.9,26.54,27.4,27.33,26.49,26.08,26.84,25.88,25.24,25.3,24.48,24.19,23.97,23.24,22.9,22.46,22.31,21.73,21.2,20.39,20.21
Belize,CAIT,Total including LUCF,CO2,MtCO₂e,3.47,3.47,3.72,2.54,5.24,2.63,4.65,7.6,6.94,6.96,7.98,6.52,7.93,6.3,8.24,8.24,6.53,5.04,5.04,5.13,4.95,5.02,6.33,6.32,6.33,6.37,6.3,6.2
Belize,CAIT,Transportation,CO2,MtCO₂e,0.49,0.5,0.51,0.4,0.37,0.51,0.51,0.35,0.96,0.34,0.31,0.28,0.27,0.26,0.26,0.26,0.28,0.28,0.26,0.29,0.29,0.2,0.28,0.25,0.26,0.28,0.14,0.11
Benin,CAIT,Total including LUCF,CO2,MtCO₂e,17.9,17.77,16.53,16.05,15.55,15.28,15.52,15.62,15.24,14.89,14.92,14.37,13.31,13.06,12.91,12.65,12.37,16.3,16.2,16.07,16.02,15.83,15.24,15.18,15.19,15.14,15.11,15.16
Benin,CAIT,Transportation,CO2,MtCO₂e,5.99,5.8,4.58,4.07,3.84,3.42,3.28,3.17,2.81,2.45,2.43,1.96,1.54,1.4,1.37,1.18,0.99,0.92,0.85,0.75,0.68,0.5,0.12,0.12,0.12,0.12,0.13,0.17
Bhutan,CAIT,Total including LUCF,CO2,MtCO₂e,-2.48,-2.58,-2.85,-2.88,-2.96,-3.05,-3.14,-2.47,-2.56,-2.53,-2.54,-2.53,-3.99,-4.09,-4.04,-4.0,-4.04,-3.73,-3.74,-3.74,-3.74,-3.82,-3.87,-3.91,-3.94,-3.91,-3.93,-3.98
Bhutan,CAIT,Transportation,CO2,MtCO₂e,0.57,0.54,0.43,0.4,0.42,0.39,0.34,0.28,0.22,0.19,0.2,0.19,0.2,0.18,0.16,0.14,0.12,0.11,0.1,0.09,0.08,0.08,0.07,0.05,0.05,0.05,0.05,0.05
Bolivia,CAIT,Total including LUCF,CO2,MtCO₂e,106.0,105.35,104.16,103.92,102.31,100.99,100.19,102.31,101.14,100.28,99.3,98.43,87.07,86.42,86.11,85.23,84.89,85.36,85.33,85.97,85.64,85.49,85.69,86.41,85.19,84.18,83.13,83.05
Bolivia,CAIT,Transportation,CO2,MtCO₂e,10.1,9.5,9.13,8.92,8.35,7.56,7.06,6.4,5.91,5.52,5.01,4.51,3.45,3.39,3.11,2.92,2.87,2.94,3.18,3.17,3.07,3.24,3.13,2.81,2.7,2.34,2.37,2.26
Bosnia and Herzegovina,CAIT,Total including LUCF,CO2,MtCO₂e,22.72,22.41,19.71,19.54,21.9,22.08,23.91,20.89,20.64,20.84,19.05,17.96,16.28,15.62,15.2,14.61,13.86,6.02,2.63,2.78,0.49,-3.77,-4.61,-4.82,5.42,7.98,13.46,15.99
Bosnia and Herzegovina,CAIT,Transportation,CO2,MtCO₂e,3.77,3.61,3.1,2.97,2.82,3.19,3.41,3.4,3.49,3.38,3.05,2.89,2.3,2.39,2.06,2.04,2.13,2.09,1.34,1.4,1.06,1.03,0.99,0.97,0.85,1.06,1.86,2.19
Botswana,CAIT,Total including LUCF,CO2,MtCO₂e,51.32,50.58,96.49,23.1,45.19,20.0,18.71,13.34,17.94,23.18,58.96,25.89,55.52,20.18,64.57,102.08,33.16,45.62,54.32,65.72,57.95,49.38,39.76,39.65,39.82,39.87,39.31,39.38
Botswana,CAIT,Transportation,CO2,MtCO₂e,2.55,2.49,2.38,2.22,2.14,2.05,2.03,1.94,1.84,1.98,1.72,1.62,1.5,1.46,1.34,1.25,1.31,1.22,1.13,1.04,0.97,0.9,0.89,0.77,0.8,0.81,0.71,0.65
Brazil,CAIT,Total including LUCF,CO2,MtCO₂e,752.44,744.51,776.24,801.74,777.2,746.1,711.45,916.12,869.85,890.38,870.08,852.23,1421.65,1418.67,1402.14,1408.45,1410.73,1191.5,1179.45,1170.12,1160.4,1141.75,1121.13,1102.35,1094.81,1088.29,1084.81,1077.89
Brazil,CAIT,Transportation,CO2,MtCO₂e,200.02,198.89,199.86,215.07,209.63,202.41,185.02,167.85,148.6,151.2,145.82,140.13,137.08,136.36,127.44,129.96,128.01,125.47,124.24,126.89,120.61,113.67,104.19,94.21,90.08,86.61,85.97,82.18
Brunei,CAIT,Total including LUCF,CO2,MtCO₂e,7.13,6.83,6.36,7.37,7.36,7.48,7.36,8.69,9.27,9.05,8.67,9.05,6.69,6.77,7.22,6.23,6.23,6.38,6.13,9.38,7.22,6.71,6.4,6.04,5.76,5.48,5.28,5.82
Brunei,CAIT,Transportation,CO2,MtCO₂e,1.33,1.34,1.36,1.35,1.33,1.34,1.28,1.18,1.12,1.13,1.13,1.03,0.95,0.97,0.92,0.88,0.84,0.81,0.81,0.82,0.88,0.84,0.78,0.72,0.68,0.65,0.6,0.55
Bulgaria,CAIT,Total including LUCF,CO2,MtCO₂e,33.88,31.58,34.51,32.05,29.66,35.01,39.56,34.68,32.81,39.91,42.52,38.87,33.91,33.26,33.95,29.66,32.43,31.89,32.84,39.14,41.91,43.6,43.26,42.09,44.24,43.7,47.18,62.13
Bulgaria,CAIT,Transportation,CO2,MtCO₂e,9.23,9.09,8.97,8.17,7.3,8.25,7.97,7.79,8.01,8.34,7.96,8.13,7.63,6.83,6.42,5.83,5.6,5.43,5.65,5.42,4.28,4.14,4.19,3.94,4.31,3.81,3.48,6.44
Burkina Faso,CAIT,Total including LUCF,CO2,MtCO₂e,12.87,12.3,12.2,11.82,11.77,11.51,11.0,13.09,12.93,12.91,12.68,12.4,9.95,9.93,9.9,9.82,9.82,11.68,11.56,11.51,11.46,11.36,11.27,11.26,11.26,11.24,11.23,11.23
Burkina Faso,CAIT,Transportation,CO2,MtCO₂e,2.08,1.77,1.62,1.45,1.41,1.28,1.08,1.03,0.98,1.03,0.93,0.8,0.67,0.6,0.6,0.57,0.56,0.54,0.51,0.43,0.37,0.37,0.36,0.29,0.3,0.29,0.29,0.28
Burundi,CAIT,Total including LUCF,CO2,MtCO₂e,3.89,3.79,3.25,3.26,3.55,3.33,3.5,0.04,0.03,-0.14,-0.61,-0.21,5.6,6.12,6.78,6.64,5.86,9.02,8.84,9.04,8.84,8.73,9.18,9.18,9.18,9.17,9.2,9.15
Burundi,CAIT,Transportation,CO2,MtCO₂e,0.44,0.38,0.33,0.31,0.31,0.31,0.31,0.26,0.16,0.16,0.16,0.16,0.14,0.12,0.13,0.17,0.14,0.19,0.17,0.16,0.16,0.16,0.15,0.14,0.14,0.13,0.16,0.13
Cambodia,CAIT,Total including LUCF,CO2,MtCO₂e,34.11,32.63,31.32,29.36,28.31,28.16,27.92,27.66,27.46,26.68,26.34,25.68,33.44,33.18,33.18,33.01,32.95,28.36,28.31,28.34,28.1,28.01,27.91,27.87,27.78,27.75,27.7,27.66
Cambodia,CAIT,Transportation,CO2,MtCO₂e,5.27,5.01,4.23,3.84,3.51,3.45,3.27,3.09,2.66,2.04,1.97,1.59,1.49,1.37,1.35,1.32,1.51,1.32,1.36,1.4,1.2,1.16,1.16,N/A,N/A,N/A,N/A,N/A
Cameroon,CAIT,Total including LUCF,CO2,MtCO₂e,124.47,124.7,124.67,121.78,125.4,119.55,121.09,121.8,123.41,124.42,123.11,119.45,125.32,121.3,122.53,118.54,119.53,119.07,118.65,118.82,118.67,118.43,122.71,122.89,122.26,118.13,118.25,118.5
Cameroon,CAIT,Transportation,CO2,MtCO₂e,2.94,3.18,3.14,3.23,3.04,2.9,2.78,2.68,2.51,2.19,2.13,1.87,2.11,2.17,2.1,2.07,1.86,1.86,1.64,1.88,1.82,1.73,1.71,1.76,1.69,1.57,1.57,1.76
Canada,CAIT,Total including LUCF,CO2,MtCO₂e,627.69,615.9,672.07,647.81,669.88,622.2,598.09,713.37,653.26,711.24,725.72,707.85,800.48,789.25,822.35,798.95,733.37,554.92,557.79,596.56,519.16,515.64,519.57,508.89,492.75,496.07,483.0,489.19
Canada,CAIT,Transportation,CO2,MtCO₂e,185.25,180.83,180.01,180.43,181.81,176.78,175.06,174.68,169.48,174.01,175.76,169.41,170.62,166.39,162.28,159.65,147.79,149.97,151.16,147.47,144.85,140.44,137.09,133.42,127.18,125.21,120.95,124.67
Cape Verde,CAIT,Total including LUCF,CO2,MtCO₂e,0.42,0.38,0.33,0.33,0.34,0.36,0.4,0.47,0.44,0.4,0.39,0.43,0.44,0.34,0.31,0.28,0.25,-0.19,-0.21,-0.24,-0.26,-0.26,-0.28,-0.29,-0.29,-0.3,-0.3,-0.31
Cape Verde,CAIT,Transportation,CO2,MtCO₂e,0.28,0.26,0.24,0.24,0.25,0.28,0.29,0.26,0.25,0.23,0.27,0.27,0.23,0.11,0.09,0.08,0.07,0.07,0.06,0.05,0.04,0.04,0.04,0.03,0.03,0.04,0.04,0.04
Central African Republic,CAIT,Total including LUCF,CO2,MtCO₂e,14.11,14.1,13.58,13.56,13.55,13.57,13.54,13.52,13.51,13.58,13.51,13.51,14.22,14.23,14.22,14.23,14.23,14.23,14.22,14.21,14.15,14.15,14.18,14.18,14.18,14.17,14.17,14.18
Central African Republic,CAIT,Transportation,CO2,MtCO₂e,0.19,0.18,0.18,0.18,0.18,0.17,0.16,0.15,0.14,0.14,0.14,0.14,0.13,0.13,0.13,0.13,0.13,0.13,0.13,0.12,0.1,0.1,0.1,0.1,0.1,0.09,0.1,0.09
Chad,CAIT,Total including LUCF,CO2,MtCO₂e,25.96,25.95,25.9,25.87,25.85,25.82,25.75,26.69,26.63,26.62,26.54,26.48,8.13,8.11,8.1,7.86,7.85,8.57,8.56,8.54,8.53,8.51,8.5,8.49,8.48,8.47,8.46,8.45
Chad,CAIT,Transportation,CO2,MtCO₂e,0.16,0.16,0.15,0.15,0.14,0.13,0.13,0.12,0.1,0.09,0.09,0.09,0.08,0.08,0.07,0.07,0.07,0.07,0.07,0.07,0.07,0.06,0.06,0.06,0.05,0.06,0.05,0.05
Chile,CAIT,Total including LUCF,CO2,MtCO₂e,-17.94,-18.82,-23.02,-28.6,-22.05,-26.5,-28.49,62.48,58.13,61.01,57.51,49.81,48.92,47.93,43.12,41.9,41.08,37.45,41.4,39.04,38.19,31.69,25.89,23.02,19.94,19.12,17.19,18.05
Chile,CAIT,Transportation,CO2,MtCO₂e,27.38,26.38,25.23,23.57,24.49,22.43,21.86,21.44,20.71,20.58,19.81,18.29,18.56,16.92,16.33,16.58,16.07,16.99,16.74,16.56,15.73,14.84,13.64,12.33,11.41,10.29,9.48,9.08
China,CAIT,Total including LUCF,CO2,MtCO₂e,9705.8,9502.34,9518.63,9584.32,9624.78,9221.28,8966.29,8074.93,7319.61,6799.44,6592.66,6036.18,5479.84,4782.88,4074.18,3469.11,3187.53,3022.34,2827.39,2910.38,2806.85,2743.23,2763.14,2442.18,2321.81,2096.45,1980.46,1851.64
China,CAIT,Transportation,CO2,MtCO₂e,880.9,843.42,827.14,770.56,741.09,686.13,621.89,568.78,517.08,507.07,468.58,434.81,397.31,371.14,313.14,276.44,254.25,248.48,157.36,140.29,146.13,169.85,127.37,116.35,125.7,111.1,100.62,94.15
Colombia,CAIT,Total including LUCF,CO2,MtCO₂e,109.2,116.9,97.12,97.2,93.07,85.52,85.14,225.31,223.5,220.52,220.22,218.28,225.27,227.0,228.43,223.83,225.78,203.82,201.47,209.69,209.19,204.45,206.58,203.96,203.31,200.74,198.11,196.39
Colombia,CAIT,Transportation,CO2,MtCO₂e,28.79,28.8,27.57,25.44,24.45,25.86,24.48,20.27,19.87,21.45,21.23,20.81,19.85,20.24,17.73,17.26,19.46,18.56,19.08,21.41,21.87,20.86,20.33,17.04,18.27,18.01,17.09,16.35
Comoros,CAIT,Total including LUCF,CO2,MtCO₂e,0.31,0.27,0.24,0.23,0.24,0.22,0.22,0.23,0.2,0.19,0.2,0.23,0.22,0.23,0.22,0.19,0.19,0.16,0.15,0.14,0.14,0.13,0.13,0.13,0.13,0.12,0.12,0.12
Comoros,CAIT,Transportation,CO2,MtCO₂e,0.05,0.05,0.04,0.04,0.04,0.04,0.04,0.03,0.03,0.03,0.03,0.03,0.03,0.03,0.03,0.02,0.02,0.02,0.02,0.02,0.02,0.02,0.02,0.02,0.02,0.02,0.02,0.02
Cook Islands,CAIT,Total including LUCF,CO2,MtCO₂e,0.08,0.08,0.07,0.07,0.07,0.07,0.07,0.01,0.01,0.01,0.02,0.01,0.05,0.04,0.04,0.03,0.04,0.0,0.0,0.0,0.0,0.0,-0.01,-0.01,-0.01,-0.01,-0.01,-0.01
Cook Islands,CAIT,Transportation,CO2,MtCO₂e,0.05,0.05,0.04,0.05,0.04,0.04,0.04,0.04,0.03,0.03,0.04,0.03,0.03,0.03,0.03,0.02,0.03,0.03,0.03,0.03,0.03,0.03,0.03,0.03,0.03,0.02,0.02,0.02
Costa Rica,CAIT,Total including LUCF,CO2,MtCO₂e,-3.04,-3.13,-3.74,-3.43,-3.46,-3.79,-3.84,-0.32,-0.33,-0.01,0.08,-0.93,-1.21,-1.58,-0.97,-2.0,-2.1,11.25,11.34,11.31,10.78,10.82,11.15,11.19,10.52,10.49,9.4,9.21
Costa Rica,CAIT,Transportation,CO2,MtCO₂e,5.79,5.68,5.31,4.97,4.87,4.8,4.68,4.56,4.44,4.38,4.27,3.98,3.77,3.86,3.59,3.51,3.17,2.97,3.08,2.96,2.67,2.61,2.59,2.59,2.47,2.39,1.65,1.59
Côte d'Ivoire,CAIT,Total including LUCF,CO2,MtCO₂e,17.03,15.98,16.29,15.66,15.18,14.57,12.62,12.86,12.63,13.11,12.3,12.37,-2.2,-2.65,-2.77,-1.69,-1.82,1.57,1.92,0.09,0.01,-0.9,-1.47,-1.64,-1.77,-1.96,-1.94,-2.03
Côte d'Ivoire,CAIT,Transportation,CO2,MtCO₂e,3.58,3.84,3.16,2.65,2.5,2.38,1.61,1.5,1.58,1.56,1.29,1.28,1.23,1.14,1.04,1.41,1.26,1.29,1.42,1.21,1.38,1.25,1.23,1.09,1.1,1.14,1.18,1.19
Croatia,CAIT,Total including LUCF,CO2,MtCO₂e,13.65,13.11,12.85,12.51,13.21,13.63,15.21,9.89,10.74,12.16,13.39,12.04,9.85,9.49,10.0,8.67,7.59,6.46,6.9,6.87,5.45,3.73,3.8,3.23,3.89,3.36,3.03,8.73
Croatia,CAIT,Transportation,CO2,MtCO₂e,6.53,6.07,5.85,5.54,5.59,5.51,5.71,5.83,6.05,6.05,6.14,5.78,5.43,5.25,5.09,4.69,4.38,4.32,4.29,4.06,3.91,3.47,3.27,3.08,2.91,2.76,2.85,3.56
Cuba,CAIT,Total including LUCF,CO2,MtCO₂e,11.64,14.44,13.48,12.87,13.34,14.85,14.54,67.95,64.8,64.0,64.89,63.99,-6.85,-7.74,-7.48,-6.75,-5.52,-6.59,-6.97,-7.85,-7.4,-9.77,-11.72,-13.18,-14.71,-12.7,-7.37,0.62
Cuba,CAIT,Transportation,CO2,MtCO₂e,1.63,1.49,1.5,1.4,1.24,1.06,1.22,1.25,1.41,1.82,1.85,1.83,1.91,1.97,1.89,2.06,2.21,2.17,2.35,2.49,2.76,2.2,1.97,1.89,1.95,2.6,3.72,5.07
Cyprus,CAIT,Total including LUCF,CO2,MtCO₂e,6.99,6.85,6.47,6.45,6.08,6.72,7.24,7.43,7.79,8.01,7.85,7.55,7.76,7.6,7.66,7.0,6.82,7.0,6.75,6.49,6.19,6.09,5.73,5.86,5.62,5.37,5.01,4.49
Cyprus,CAIT,Transportation,CO2,MtCO₂e,1.98,1.91,1.81,1.75,1.79,1.99,2.16,2.23,2.18,2.18,2.14,2.0,2.02,1.98,1.88,1.77,1.79,1.73,1.69,1.65,1.57,1.51,1.46,1.37,1.32,1.3,1.16,1.16
Czech Republic,CAIT,Total including LUCF,CO2,MtCO₂e,90.85,90.29,88.42,87.19,90.15,94.6,98.42,107.08,104.32,111.46,116.78,113.75,107.65,111.09,110.42,106.19,110.38,110.59,99.36,106.33,112.2,114.14,112.58,112.1,118.37,121.52,124.28,137.57
Czech Republic,CAIT,Transportation,CO2,MtCO₂e,18.54,18.0,17.32,16.51,16.0,16.14,16.47,16.6,17.64,18.26,18.41,17.45,17.15,15.85,15.12,13.29,12.75,11.87,11.76,10.67,10.39,10.08,7.25,8.54,7.97,7.92,6.18,6.95
Democratic Republic of the Congo,CAIT,Total including LUCF,CO2,MtCO₂e,148.56,148.33,148.75,150.77,151.13,148.59,149.68,148.84,148.59,148.76,148.35,148.91,148.16,147.32,147.17,146.73,146.61,147.74,148.54,148.41,148.13,148.38,147.87,147.91,148.06,148.11,148.37,149.81
Democratic Republic of the Congo,CAIT,Transportation,CO2,MtCO₂e,2.14,1.9,2.67,4.51,3.31,2.11,2.13,1.66,1.52,1.52,1.34,1.2,1.11,0.9,0.82,0.69,0.65,0.79,0.44,0.45,0.45,0.45,0.45,0.45,0.44,0.44,0.48,0.57
Denmark,CAIT,Total including LUCF,CO2,MtCO₂e,32.29,34.33,32.55,34.71,38.94,37.16,42.04,48.6,48.3,50.55,53.82,58.63,51.42,55.05,60.5,55.13,55.01,52.77,57.01,59.79,63.78,73.36,59.97,63.25,59.35,57.06,62.78,52.14
Denmark,CAIT,Transportation,CO2,MtCO₂e,12.46,12.22,11.96,11.53,11.45,11.63,12.75,13.04,13.21,13.92,14.15,13.55,13.37,13.12,12.71,12.24,12.06,12.03,12.04,12.0,11.94,11.82,11.7,11.57,11.13,10.86,10.9,10.31
Djibouti,CAIT,Total including LUCF,CO2,MtCO₂e,0.47,0.49,0.54,0.46,0.56,0.51,0.48,0.52,0.46,0.47,0.47,0.43,0.43,0.4,0.41,0.4,0.38,0.37,0.35,0.35,0.35,0.34,0.33,0.33,0.34,0.34,0.34,0.33
Djibouti,CAIT,Transportation,CO2,MtCO₂e,0.14,0.14,0.11,0.12,0.1,0.06,0.07,0.09,0.05,0.08,0.08,0.07,0.07,0.06,0.06,0.06,0.07,0.07,0.07,0.07,0.07,0.07,0.07,0.06,0.08,0.08,0.08,0.07
Dominica,CAIT,Total including LUCF,CO2,MtCO₂e,0.28,0.3,0.3,0.3,0.29,0.37,0.29,0.71,1.03,0.71,0.71,0.7,0.17,0.17,0.15,0.13,0.16,0.09,0.07,0.06,0.06,0.03,0.05,0.03,0.03,0.04,0.02,0.02
Dominica,CAIT,Transportation,CO2,MtCO₂e,0.06,0.06,0.06,0.06,0.05,0.08,0.06,0.06,0.17,0.06,0.06,0.06,0.06,0.07,0.08,0.07,0.09,0.08,0.06,0.06,0.06,0.04,0.05,0.05,0.05,0.05,0.04,0.04
Dominican Republic,CAIT,Total including LUCF,CO2,MtCO₂e,14.66,15.73,14.72,12.59,12.52,12.92,12.15,11.91,10.9,11.81,11.86,11.6,10.01,8.6,10.06,12.22,10.32,8.65,7.78,6.6,4.49,2.72,1.84,1.13,-0.49,-0.39,-1.78,-2.15
Dominican Republic,CAIT,Transportation,CO2,MtCO₂e,6.51,6.63,6.13,5.05,5.79,6.56,6.05,5.74,5.64,5.44,5.95,5.86,5.76,5.44,5.26,5.73,5.34,5.33,5.2,4.88,4.46,3.89,3.52,3.15,2.66,2.46,2.28,2.31
Ecuador,CAIT,Total including LUCF,CO2,MtCO₂e,71.61,72.85,74.56,75.04,73.27,70.47,69.34,68.5,66.27,64.12,63.42,62.95,60.99,59.26,57.73,57.36,57.19,63.69,63.04,65.7,65.86,64.81,62.1,59.35,58.46,59.53,58.48,57.92
Ecuador,CAIT,Transportation,CO2,MtCO₂e,18.2,17.1,16.93,16.26,15.12,14.18,13.7,12.66,10.48,9.96,10.0,10.2,9.91,9.48,9.15,8.82,8.48,7.99,9.05,9.98,10.67,10.07,8.27,8.68,8.16,8.13,8.02,7.83
Egypt,CAIT,Total including LUCF,CO2,MtCO₂e,238.47,233.74,225.73,216.43,210.21,212.19,201.39,196.28,195.27,188.9,182.01,168.91,160.01,142.11,130.66,127.16,124.43,112.31,114.13,108.72,103.41,96.22,91.32,85.89,91.29,91.76,88.84,86.27
Egypt,CAIT,Transportation,CO2,MtCO₂e,55.71,57.4,54.98,53.6,51.4,50.9,46.77,44.84,41.78,39.05,37.03,33.46,30.79,31.34,30.64,29.02,28.16,29.25,28.39,26.72,24.07,22.48,21.23,20.02,18.28,17.57,16.9,16.15
El Salvador,CAIT,Total including LUCF,CO2,MtCO₂e,7.12,7.9,7.73,7.32,7.19,7.5,7.51,7.37,7.51,7.74,8.46,8.07,7.71,7.55,7.38,6.81,6.75,6.5,6.48,6.54,6.19,5.26,5.83,5.33,4.79,4.23,3.94,3.25
El Salvador,CAIT,Transportation,CO2,MtCO₂e,3.36,3.44,3.3,2.8,2.78,2.74,3.11,3.01,3.06,2.95,3.15,2.94,3.06,2.84,2.68,2.47,2.54,2.53,2.61,2.29,2.13,2.1,2.12,1.86,1.75,1.6,1.38,1.27
Equatorial Guinea,CAIT,Total including LUCF,CO2,MtCO₂e,10.98,10.95,12.49,13.44,14.71,15.37,15.06,14.95,15.09,14.4,12.98,14.59,13.45,12.6,10.52,9.38,8.09,7.67,7.14,6.93,6.94,6.83,6.31,6.31,6.31,5.38,5.38,5.38
Equatorial Guinea,CAIT,Transportation,CO2,MtCO₂e,0.98,1.03,1.02,1.01,0.99,0.93,0.91,0.9,0.89,0.88,0.87,0.83,0.77,0.7,0.68,0.59,0.21,0.36,0.12,0.08,0.09,0.04,0.02,0.02,0.02,0.02,0.02,0.02
Eritrea,CAIT,Total including LUCF,CO2,MtCO₂e,1.39,1.33,1.32,1.34,1.31,1.3,1.25,1.09,1.16,1.03,1.11,1.11,1.22,1.3,1.31,1.3,1.32,1.86,1.87,1.84,2.05,2.1,2.03,1.96,1.86,1.76,1.32,1.32
Eritrea,CAIT,Transportation,CO2,MtCO₂e,0.23,0.19,0.18,0.18,0.18,0.17,0.16,0.14,0.12,0.12,0.13,0.14,0.18,0.25,0.28,0.27,0.25,0.21,0.21,0.23,0.36,0.39,0.33,0.29,0.21,0.12,N/A,N/A
Estonia,CAIT,Total including LUCF,CO2,MtCO₂e,17.4,16.77,16.49,18.94,20.33,17.91,19.17,16.79,12.84,16.18,17.72,13.88,20.6,20.41,20.32,18.55,18.7,10.89,11.27,12.33,12.9,13.28,12.29,13.94,14.38,19.83,27.3,30.95
Estonia,CAIT,Transportation,CO2,MtCO₂e,2.43,2.35,2.3,2.23,2.23,2.28,2.25,2.26,2.13,2.37,2.44,2.31,2.15,2.04,2.0,2.08,1.97,1.65,1.65,1.66,1.56,1.52,1.39,1.38,1.16,1.07,2.15,2.36
Eswatini,CAIT,Total including LUCF,CO2,MtCO₂e,1.18,1.38,1.18,1.11,1.7,1.21,1.17,1.16,1.21,1.17,1.19,1.16,1.16,1.14,1.14,1.21,1.23,1.27,1.36,1.28,1.26,0.92,1.11,1.15,0.84,0.94,1.05,1.06
Eswatini,CAIT,Transportation,CO2,MtCO₂e,0.68,0.47,0.63,0.61,0.62,0.56,0.53,0.54,0.57,0.49,0.52,0.51,0.51,0.48,0.47,0.45,0.44,0.51,0.49,0.43,0.41,0.3,0.45,0.45,0.44,0.44,0.46,0.45
Ethiopia,CAIT,Total including LUCF,CO2,MtCO₂e,33.3,32.79,26.3,25.51,32.47,27.32,20.15,35.3,36.12,37.32,30.16,37.53,31.85,39.5,39.83,41.01,33.94,27.19,29.72,30.32,27.45,28.93,33.49,33.18,32.86,32.35,33.16,33.14
Ethiopia,CAIT,Transportation,CO2,MtCO₂e,6.43,5.74,4.71,4.24,3.8,3.25,2.86,2.71,2.65,2.54,2.45,2.26,2.12,2.34,2.17,2.08,1.99,1.59,1.45,1.41,1.28,1.21,1.09,0.98,0.88,0.73,0.93,0.93
European Union (27),CAIT,Total including LUCF,CO2,MtCO₂e,2490.74,2468.24,2461.23,2403.56,2547.99,2623.86,2683.25,2864.59,2778.53,3028.86,3107.2,3146.66,3154.26,3173.84,3169.96,3077.26,3083.71,3059.98,3052.97,3108.11,3116.17,3184.94,3087.8,3034.31,3046.58,3107.22,3221.07,3260.03
European Union (27),CAIT,Transportation,CO2,MtCO₂e,806.76,792.25,773.05,758.68,751.42,757.98,788.52,794.13,800.13,826.78,843.56,834.69,822.93,824.51,805.01,790.84,782.75,768.34,768.71,750.78,721.41,709.99,687.32,678.76,674.19,669.05,651.17,642.96
Fiji,CAIT,Total including LUCF,CO2,MtCO₂e,-1.21,-1.28,-1.5,-1.71,-1.89,-1.99,-1.91,1.77,1.57,1.56,1.87,1.98,-0.79,-0.6,-0.98,-1.14,-0.99,-0.85,-0.9,-0.92,-0.9,-0.88,-0.94,-0.94,-0.95,-0.93,-0.97,-0.97
Fiji,CAIT,Transportation,CO2,MtCO₂e,0.94,0.92,0.77,0.66,0.58,0.52,0.54,0.53,0.42,0.43,0.58,0.58,0.54,0.55,0.47,0.44,0.55,0.45,0.41,0.41,0.42,0.43,0.43,0.41,0.43,0.44,0.42,0.41
Finland,CAIT,Total including LUCF,CO2,MtCO₂e,49.56,52.26,49.36,52.71,56.7,55.91,61.65,43.15,34.77,37.22,45.61,47.58,40.16,52.35,56.33,47.9,45.51,30.73,32.14,32.9,36.25,38.24,31.71,35.55,29.08,27.9,30.75,30.18
Finland,CAIT,Transportation,CO2,MtCO₂e,11.31,11.91,10.7,10.71,11.83,11.99,12.29,12.47,11.96,12.53,13.15,12.81,12.63,12.6,12.27,12.07,11.89,11.75,12.17,11.86,11.7,11.09,11.36,11.57,11.12,11.35,11.4,11.72
France,CAIT,Total including LUCF,CO2,MtCO₂e,235.81,232.16,229.98,223.98,256.09,255.8,253.01,293.08,289.02,303.36,308.05,316.75,301.04,298.19,297.15,291.52,297.27,347.91,349.68,355.86,333.82,342.64,326.96,319.16,324.21,343.34,355.37,331.22
France,CAIT,Transportation,CO2,MtCO₂e,128.14,127.7,127.59,126.43,126.27,127.46,128.63,123.27,122.93,124.32,130.3,131.12,130.8,133.06,132.82,134.14,134.22,132.48,129.52,129.12,124.64,122.12,122.32,121.38,120.48,119.36,116.85,113.47
Gabon,CAIT,Total including LUCF,CO2,MtCO₂e,-89.0,-87.98,-87.97,-88.15,-87.89,-87.99,-87.94,5.71,4.98,5.26,5.06,4.84,5.57,5.23,5.19,5.08,5.33,5.39,5.54,5.65,5.55,5.44,5.46,5.29,5.55,5.46,5.2,4.98
Gabon,CAIT,Transportation,CO2,MtCO₂e,0.2,0.85,0.81,0.84,0.85,0.76,0.73,0.64,0.41,0.44,0.43,0.37,0.37,0.37,0.35,0.39,0.36,0.32,0.39,0.41,0.38,0.35,0.34,0.31,0.39,0.37,0.39,0.32
Gambia,CAIT,Total including LUCF,CO2,MtCO₂e,0.18,0.17,0.17,0.16,0.08,0.1,0.09,-0.02,0.03,-0.02,-0.05,-0.09,-0.12,-0.13,-0.15,-0.15,-0.15,-0.21,-0.19,-0.21,-0.22,-0.23,-0.24,-0.24,-0.24,-0.25,-0.25,-0.26
Gambia,CAIT,Transportation,CO2,MtCO₂e,0.08,0.08,0.08,0.08,0.07,0.07,0.07,0.07,0.22,0.16,0.16,0.12,0.12,0.12,0.12,0.12,0.11,0.09,0.09,0.09,0.09,0.08,0.08,0.08,0.08,0.08,0.08,0.08
Georgia,CAIT,Total including LUCF,CO2,MtCO₂e,9.63,9.65,9.2,8.47,7.84,7.19,6.52,1.8,2.1,1.32,2.11,1.18,0.72,-0.15,-0.37,-0.57,-0.01,0.74,0.49,0.96,1.48,2.33,4.15,6.41,12.06,16.04,21.34,29.32
Georgia,CAIT,Transportation,CO2,MtCO₂e,3.87,4.29,3.78,3.44,3.07,2.45,2.31,2.26,2.17,1.74,2.07,1.57,1.51,1.2,1.24,1.21,1.15,0.95,1.13,1.25,1.89,2.52,1.03,1.48,2.0,2.33,2.8,3.72
Germany,CAIT,Total including LUCF,CO2,MtCO₂e,692.17,707.11,702.29,697.46,737.62,720.01,706.38,756.38,718.12,773.08,767.07,797.63,781.25,799.9,815.71,812.41,826.78,777.14,780.41,810.2,817.96,849.81,820.14,822.87,834.06,839.81,879.42,902.36
Germany,CAIT,Transportation,CO2,MtCO₂e,163.49,161.02,157.59,154.57,152.37,148.51,149.94,148.12,147.06,148.89,148.38,153.48,155.63,163.99,164.04,167.12,169.54,173.47,177.66,172.81,169.8,169.06,167.93,166.04,168.67,164.06,161.48,158.6
Ghana,CAIT,Total including LUCF,CO2,MtCO₂e,22.98,22.31,23.33,22.58,23.34,22.43,20.42,3.95,2.75,1.37,1.86,1.24,44.53,44.13,44.64,44.93,43.72,26.17,27.01,26.53,24.73,24.53,24.16,23.91,23.63,23.52,23.01,23.24
Ghana,CAIT,Transportation,CO2,MtCO₂e,7.09,7.3,7.9,7.28,7.24,6.84,5.73,5.15,5.05,4.16,3.84,3.65,3.6,3.65,3.15,3.39,2.93,2.93,3.09,2.78,2.33,2.23,2.05,1.88,1.8,1.79,1.5,1.62
Greece,CAIT,Total including LUCF,CO2,MtCO₂e,66.01,66.06,67.22,68.77,71.8,79.34,83.83,86.79,93.97,99.87,103.57,99.97,101.24,99.17,99.44,95.81,96.01,93.7,86.63,86.4,82.99,81.99,82.12,79.02,77.38,77.47,75.1,74.9
Greece,CAIT,Transportation,CO2,MtCO₂e,16.88,17.16,16.69,16.35,16.31,16.42,19.64,21.99,24.8,22.2,22.88,22.29,21.78,21.39,20.98,20.03,19.77,19.07,19.6,19.42,17.78,17.19,16.71,16.59,16.49,16.28,15.88,15.06
Grenada,CAIT,Total including LUCF,CO2,MtCO₂e,0.29,0.28,0.27,0.25,0.32,0.42,0.29,0.11,0.63,0.12,0.1,0.08,0.6,0.58,0.6,0.6,0.58,0.21,0.22,0.23,0.2,0.19,0.17,0.16,0.15,0.16,0.12,0.11
Grenada,CAIT,Transportation,CO2,MtCO₂e,0.1,0.1,0.1,0.11,0.1,0.15,0.11,0.12,0.33,0.11,0.11,0.11,0.1,0.1,0.1,0.1,0.09,0.08,0.09,0.09,0.08,0.08,0.06,0.06,0.05,0.06,0.04,0.04
Guatemala,CAIT,Total including LUCF,CO2,MtCO₂e,23.99,24.94,23.82,21.43,20.49,19.63,19.22,27.36,27.77,27.15,28.32,27.43,26.7,25.93,25.72,25.65,24.99,24.67,23.45,23.54,21.8,21.44,21.61,20.69,20.36,20.08,19.29,19.18
Guatemala,CAIT,Transportation,CO2,MtCO₂e,8.15,7.89,7.26,6.34,5.94,5.65,5.63,5.75,5.83,5.12,5.6,5.29,5.11,4.75,4.88,4.9,4.5,3.84,3.58,3.41,2.87,2.7,2.71,2.17,2.05,1.87,1.78,1.71
Guinea,CAIT,Total including LUCF,CO2,MtCO₂e,18.36,18.22,17.07,17.58,17.13,17.0,18.19,17.6,17.56,16.52,18.95,18.17,17.83,18.5,17.39,15.78,15.47,15.4,15.44,15.21,15.08,15.17,16.49,16.46,16.42,16.39,16.36,16.33
Guinea,CAIT,Transportation,CO2,MtCO₂e,1.27,1.26,1.19,1.14,1.08,1.07,1.0,0.94,0.77,0.71,0.7,0.67,0.64,0.61,0.57,0.53,0.5,0.46,0.44,0.4,0.35,0.32,0.3,0.29,0.29,0.29,0.29,0.27
Guinea-Bissau,CAIT,Total including LUCF,CO2,MtCO₂e,1.77,1.76,1.75,1.74,1.73,1.72,1.71,1.71,1.7,1.69,1.7,1.69,2.41,2.41,2.4,2.35,2.35,1.61,1.66,1.64,1.66,1.64,1.65,1.65,1.65,1.65,1.64,1.64
Guinea-Bissau,CAIT,Transportation,CO2,MtCO₂e,0.1,0.1,0.09,0.09,0.09,0.08,0.08,0.08,0.07,0.06,0.06,0.06,0.05,0.05,0.05,0.03,0.02,0.02,0.08,0.06,0.06,0.04,0.05,0.05,0.06,0.05,0.06,0.06
Guyana,CAIT,Total including LUCF,CO2,MtCO₂e,30.49,30.48,37.01,28.7,22.48,24.35,20.77,26.61,17.55,16.06,14.26,14.58,19.82,12.87,35.21,14.31,13.13,10.18,10.43,13.91,11.29,11.31,18.12,18.0,17.68,17.67,17.73,17.76
Guyana,CAIT,Transportation,CO2,MtCO₂e,0.76,0.76,0.68,0.68,0.62,0.66,0.64,0.6,0.59,0.53,0.53,0.48,0.52,0.54,0.52,0.52,0.54,0.53,0.56,0.49,0.5,0.46,0.41,0.39,0.22,0.22,0.23,0.25
Haiti,CAIT,Total including LUCF,CO2,MtCO₂e,3.5,3.54,3.46,3.2,2.87,2.64,2.93,2.62,2.15,2.19,2.21,1.88,1.86,1.82,1.96,1.98,1.76,1.62,1.53,1.45,1.42,1.2,1.05,0.33,0.84,1.04,1.14,1.16
Haiti,CAIT,Transportation,CO2,MtCO₂e,1.44,1.42,1.4,1.17,0.9,0.96,1.1,1.08,0.94,0.92,0.95,0.78,0.78,0.77,0.79,0.82,0.78,0.71,0.66,0.64,0.58,0.56,0.5,0.11,0.38,0.41,0.4,0.43
Honduras,CAIT,Total including LUCF,CO2,MtCO₂e,36.87,37.27,37.73,37.33,37.21,37.01,36.64,36.07,36.01,36.52,36.47,35.9,35.63,36.21,35.37,34.73,34.45,45.37,45.11,45.04,44.4,44.26,44.22,43.6,43.25,43.07,42.79,42.79
Honduras,CAIT,Transportation,CO2,MtCO₂e,3.92,4.02,3.97,3.29,3.16,3.17,3.05,2.97,2.97,3.04,3.16,1.99,2.13,2.33,2.3,2.26,2.25,2.12,2.12,1.83,1.65,1.5,1.55,1.54,1.32,1.16,1.04,1.05
Hungary,CAIT,Total including LUCF,CO2,MtCO₂e,48.62,46.56,45.47,42.82,42.84,45.66,49.06,48.78,48.75,54.01,54.9,56.43,59.06,59.54,61.46,58.86,59.69,56.21,59.47,58.92,58.55,60.02,59.04,59.4,59.99,59.61,66.16,69.03
Hungary,CAIT,Transportation,CO2,MtCO₂e,12.84,12.19,11.93,10.93,9.79,10.51,10.83,11.65,12.81,12.89,12.97,12.6,11.8,10.89,10.4,9.95,9.34,8.87,8.93,8.4,7.53,7.11,7.12,6.92,7.1,7.11,7.35,8.4
Iceland,CAIT,Total including LUCF,CO2,MtCO₂e,2.03,1.92,1.91,1.9,1.89,1.71,1.74,1.92,2.07,2.15,2.35,2.45,2.27,2.31,2.21,2.23,2.15,2.24,2.13,2.17,2.17,2.28,2.02,2.11,2.0,1.96,1.93,1.96
Iceland,CAIT,Transportation,CO2,MtCO₂e,1.0,0.93,0.85,0.82,0.82,0.8,0.82,0.85,0.89,0.91,0.97,0.9,0.67,0.67,0.64,0.64,0.64,0.63,0.62,0.61,0.59,0.68,0.61,0.66,0.63,0.64,0.64,0.63
India,CAIT,Total including LUCF,CO2,MtCO₂e,2420.17,2302.01,2268.75,2255.41,2085.32,2027.06,1879.3,1535.95,1439.16,1294.49,1206.71,1084.87,969.49,918.94,847.66,819.28,785.64,890.01,853.95,789.68,771.31,726.55,690.96,637.81,602.33,580.12,557.2,512.34
India,CAIT,Transportation,CO2,MtCO₂e,291.23,269.4,257.75,235.75,226.26,221.52,209.3,192.92,178.71,163.21,142.98,120.65,115.4,108.05,99.53,97.74,94.92,95.09,93.31,88.78,85.8,83.8,78.29,70.81,68.55,68.55,66.93,64.39
Indonesia,CAIT,Total including LUCF,CO2,MtCO₂e,1878.97,1841.03,2239.82,2213.23,1898.32,1952.6,1933.62,1726.78,2005.01,1685.12,1691.47,2133.66,1484.55,1687.86,1407.85,1666.23,1273.39,1009.09,1062.98,1122.87,1701.7,991.04,1142.87,1116.96,1105.51,1090.93,1081.86,1068.02
Indonesia,CAIT,Transportation,CO2,MtCO₂e,141.68,133.64,122.57,136.59,136.12,129.63,108.5,89.11,81.68,72.07,67.81,66.3,69.84,70.84,69.28,68.0,66.76,62.7,58.78,59.2,60.65,54.6,49.26,45.35,40.49,37.91,35.85,32.2
Iran,CAIT,Total including LUCF,CO2,MtCO₂e,687.85,672.83,669.31,677.74,659.55,638.2,628.81,547.79,548.32,530.99,520.63,487.67,447.75,416.26,387.24,365.27,347.56,340.58,326.24,292.66,291.24,280.07,272.23,261.01,231.1,233.23,217.5,179.07
Iran,CAIT,Transportation,CO2,MtCO₂e,134.83,130.24,139.11,141.15,128.24,123.77,116.94,116.75,125.21,115.23,110.55,111.14,104.93,96.96,91.43,86.57,80.31,76.49,71.21,63.73,61.27,59.93,55.71,56.75,49.81,44.15,42.32,39.15
Iraq,CAIT,Total including LUCF,CO2,MtCO₂e,172.25,170.3,160.15,166.8,160.51,149.82,128.99,118.53,105.82,84.34,75.77,82.19,87.26,74.33,71.11,78.45,83.33,73.59,63.62,80.47,114.8,97.23,95.12,98.74,87.78,66.4,45.78,63.86
Iraq,CAIT,Transportation,CO2,MtCO₂e,28.75,25.26,24.81,28.93,35.26,35.51,32.8,27.76,25.27,24.61,25.7,25.88,26.05,24.14,21.57,27.77,28.83,26.37,24.22,24.22,23.76,24.16,24.73,24.79,24.51,23.28,18.35,21.77
Ireland,CAIT,Total including LUCF,CO2,MtCO₂e,37.24,38.41,36.84,35.25,35.43,36.81,36.23,33.83,33.87,39.2,39.98,40.68,45.14,43.18,42.57,42.37,43.24,40.45,38.12,36.5,33.98,32.82,31.32,30.72,29.53,29.4,29.32,28.8
Ireland,CAIT,Transportation,CO2,MtCO₂e,11.67,11.94,11.09,11.09,10.62,10.51,10.78,11.74,12.38,13.71,14.53,13.96,12.81,12.0,11.29,11.09,10.89,10.4,9.58,8.65,7.29,6.92,5.9,5.77,5.53,5.5,5.09,4.9
Israel,CAIT,Total including LUCF,CO2,MtCO₂e,65.97,65.18,66.06,64.64,66.92,75.99,69.74,70.51,65.72,66.7,66.59,64.33,60.92,63.08,62.81,61.0,57.88,57.11,53.09,51.61,51.08,48.84,46.88,43.47,40.61,36.97,34.63,33.91
Israel,CAIT,Transportation,CO2,MtCO₂e,17.88,17.49,16.93,16.03,15.89,17.15,15.67,16.45,15.7,15.98,14.5,13.77,13.47,14.17,14.29,13.82,13.28,13.37,12.54,11.79,12.66,11.89,11.27,10.26,9.54,9.07,8.3,8.03
Italy,CAIT,Total including LUCF,CO2,MtCO₂e,294.94,299.08,303.45,293.14,312.05,342.34,362.36,370.87,362.77,410.62,424.97,432.47,438.7,437.28,427.31,408.45,401.52,401.89,398.61,391.97,381.12,377.75,382.08,357.95,362.59,367.94,369.74,370.93
Italy,CAIT,Transportation,CO2,MtCO₂e,97.61,101.71,103.01,105.39,100.72,102.51,109.15,109.19,111.84,117.93,124.74,124.26,122.96,124.04,121.81,120.75,118.49,116.36,116.26,113.42,110.25,108.66,106.89,104.61,104.85,102.96,97.93,96.07
Jamaica,CAIT,Total including LUCF,CO2,MtCO₂e,7.7,8.25,7.72,7.83,8.07,7.6,8.01,7.88,8.41,10.02,12.57,12.65,11.0,11.0,11.03,10.7,10.58,10.48,10.38,10.13,9.6,9.45,9.12,8.82,8.76,8.58,7.84,7.9
Jamaica,CAIT,Transportation,CO2,MtCO₂e,2.01,1.87,1.7,1.74,1.66,1.56,1.84,1.86,1.99,2.04,2.06,2.14,2.21,2.11,2.06,2.07,1.88,1.93,1.92,1.84,1.69,1.6,1.39,1.16,1.16,1.07,1.03,1.08
Japan,CAIT,Total including LUCF,CO2,MtCO₂e,1156.38,1175.83,1185.99,1224.36,1265.5,1256.86,1216.87,1010.88,956.16,1014.67,1081.51,1045.6,1172.6,1169.91,1174.65,1165.81,1129.47,1106.64,1089.58,1054.94,1097.68,1109.93,1096.49,1086.64,1033.36,1041.17,1029.36,1016.26
Japan,CAIT,Transportation,CO2,MtCO₂e,207.07,208.9,211.32,211.97,218.03,220.7,223.03,228.65,227.56,233.72,242.75,249.92,253.72,256.45,256.47,258.74,263.23,261.1,261.46,259.1,259.8,257.48,251.63,243.34,231.06,225.89,221.09,210.79
Jordan,CAIT,Total including LUCF,CO2,MtCO₂e,26.1,24.86,25.36,25.59,23.8,24.12,20.76,20.2,20.66,20.01,21.09,20.17,19.87,18.58,17.31,16.87,16.25,16.27,14.63,14.61,14.37,13.87,13.6,12.99,12.2,11.92,9.78,9.93
Jordan,CAIT,Transportation,CO2,MtCO₂e,9.12,8.3,7.83,7.05,7.11,6.87,5.33,5.22,5.15,4.63,5.09,4.77,4.85,4.4,3.83,3.77,3.71,3.6,3.33,3.25,3.21,3.06,3.01,2.75,2.75,2.67,2.53,2.73
Kazakhstan,CAIT,Total including LUCF,CO2,MtCO₂e,225.56,223.02,206.64,205.23,256.34,241.49,242.19,223.57,204.22,232.01,189.11,180.21,162.35,150.09,136.17,121.33,111.74,114.97,118.55,130.61,127.15,150.2,172.77,196.36,218.65,255.95,247.84,237.87
Kazakhstan,CAIT,Transportation,CO2,MtCO₂e,15.33,15.91,15.3,14.38,13.74,14.59,13.47,13.15,12.44,13.78,12.1,10.54,9.55,9.23,8.65,9.13,8.2,9.38,5.82,7.93,7.04,8.21,9.16,9.05,13.19,15.83,18.09,14.42
Kenya,CAIT,Total including LUCF,CO2,MtCO₂e,-12.32,-12.44,-13.85,-16.35,-17.2,-17.01,-17.57,-18.05,-18.3,-19.62,-21.1,-20.42,-39.03,-40.04,-40.8,-40.03,-39.94,66.59,66.15,65.71,65.23,65.4,64.89,64.38,64.38,64.47,64.41,64.65
Kenya,CAIT,Transportation,CO2,MtCO₂e,8.69,8.91,8.16,6.58,5.89,4.94,4.66,5.04,4.21,3.38,3.27,3.24,2.89,2.76,2.5,2.8,2.69,2.73,2.7,2.75,2.68,2.71,2.58,2.28,2.38,2.56,2.76,2.69
Kiribati,CAIT,Total including LUCF,CO2,MtCO₂e,0.07,0.07,0.05,0.05,0.06,0.05,0.05,0.05,0.05,0.06,0.06,0.07,0.06,0.05,0.04,0.03,0.03,0.03,0.02,0.02,0.02,0.03,0.02,0.02,0.02,0.02,0.02,0.02
Kiribati,CAIT,Transportation,CO2,MtCO₂e,0.03,0.03,0.02,0.03,0.03,0.02,0.02,0.02,0.03,0.04,0.03,0.04,0.04,0.03,0.02,0.02,0.02,0.02,0.01,0.02,0.02,0.02,0.02,0.02,0.02,0.01,0.01,0.01
Kuwait,CAIT,Total including LUCF,CO2,MtCO₂e,89.7,89.86,88.02,83.57,85.24,83.57,81.14,78.2,75.0,72.87,68.7,69.63,67.22,59.46,55.6,53.36,50.79,47.14,43.7,39.86,34.02,32.91,33.77,33.71,29.23,22.98,35.72,29.22
Kuwait,CAIT,Transportation,CO2,MtCO₂e,15.02,14.21,14.02,13.34,13.15,12.49,12.15,12.67,11.73,10.54,9.57,9.26,8.16,7.54,7.08,6.51,6.13,6.02,6.01,5.84,5.7,5.45,5.34,5.04,4.78,4.54,1.9,2.84
Kyrgyzstan,CAIT,Total including LUCF,CO2,MtCO₂e,8.51,8.86,9.43,8.89,8.58,9.28,6.86,20.8,21.21,21.96,20.92,19.77,2.88,3.14,3.17,2.55,1.55,2.27,2.39,3.63,3.28,3.36,2.18,4.13,7.69,11.38,17.92,20.26
Kyrgyzstan,CAIT,Transportation,CO2,MtCO₂e,1.86,3.32,2.68,3.15,3.94,3.94,2.77,1.98,2.27,1.96,1.75,1.16,1.09,1.19,0.94,0.78,0.89,0.85,1.13,1.22,1.26,1.18,1.12,0.5,1.58,2.71,4.66,6.02
Laos,CAIT,Total including LUCF,CO2,MtCO₂e,34.71,31.56,24.86,20.62,20.11,19.47,19.24,19.08,18.74,18.25,17.93,17.84,17.46,17.41,17.35,17.31,17.2,9.35,9.29,9.26,9.24,9.2,9.11,9.08,9.05,9.04,8.99,8.96
Laos,CAIT,Transportation,CO2,MtCO₂e,3.04,2.99,2.35,2.23,1.92,1.69,1.51,1.52,1.51,1.35,1.17,1.07,1.0,0.96,0.93,0.89,0.87,0.78,N/A,N/A,N/A,N/A,N/A,N/A,N/A,N/A,N/A,N/A
Latvia,CAIT,Total including LUCF,CO2,MtCO₂e,-6.56,-6.53,-6.35,-6.34,-6.17,-6.08,-5.76,-6.97,-8.15,-7.41,-7.0,-7.3,3.74,3.68,3.8,3.58,3.37,-5.74,-5.13,-4.54,-4.15,-3.65,-3.68,-2.46,-0.92,1.3,4.11,5.69
Latvia,CAIT,Transportation,CO2,MtCO₂e,3.24,3.08,3.06,2.88,2.76,2.73,2.82,3.18,3.11,3.55,3.75,3.32,3.0,2.88,2.74,2.59,2.51,2.12,1.91,1.94,1.97,1.93,2.01,2.11,2.28,2.45,2.79,3.06
Lebanon,CAIT,Total including LUCF,CO2,MtCO₂e,29.27,27.81,27.04,24.93,23.24,23.48,21.17,20.83,21.86,18.61,15.0,16.18,17.23,17.83,17.36,16.79,16.84,15.67,17.03,16.25,16.13,14.12,13.3,11.27,10.33,7.02,7.04,5.62
Lebanon,CAIT,Transportation,CO2,MtCO₂e,9.33,8.86,8.35,7.12,6.72,8.12,5.07,5.05,5.12,4.45,3.07,3.9,4.05,4.02,4.0,3.75,3.74,4.0,4.25,4.46,4.17,4.33,4.18,3.54,3.77,3.23,2.33,1.86
Lesotho,CAIT,Total including LUCF,CO2,MtCO₂e,2.24,2.07,2.03,2.12,2.1,2.09,2.01,2.12,2.06,1.97,1.92,1.89,1.86,1.83,1.79,1.76,1.73,1.71,1.68,1.66,1.63,1.6,1.57,1.54,1.5,1.46,1.41,1.35
Lesotho,CAIT,Transportation,CO2,MtCO₂e,0.64,0.51,0.48,0.43,0.42,0.44,0.41,0.4,0.39,0.35,0.32,0.31,0.32,0.28,0.28,0.28,0.27,0.27,0.27,0.27,0.26,0.26,0.26,0.26,0.25,0.25,0.25,0.25
Liberia,CAIT,Total including LUCF,CO2,MtCO₂e,2.6,2.75,2.6,2.56,2.26,2.36,2.2,15.76,15.64,15.57,15.66,15.71,15.7,15.58,15.5,15.47,15.47,15.44,15.41,15.5,15.46,15.44,15.44,15.43,15.44,15.42,15.39,15.47
Liberia,CAIT,Transportation,CO2,MtCO₂e,0.76,0.87,0.8,0.75,0.54,0.55,0.5,0.43,0.29,0.27,0.33,0.37,0.34,0.31,0.26,0.23,0.19,0.13,0.12,0.12,0.11,0.11,0.1,0.1,0.1,0.09,0.08,0.11
Libya,CAIT,Total including LUCF,CO2,MtCO₂e,56.81,51.18,53.84,59.7,54.99,52.3,38.05,57.23,53.81,51.47,46.29,49.37,49.13,45.49,44.28,43.6,41.43,39.87,38.06,39.9,38.94,39.4,37.49,35.91,30.84,30.3,33.32,36.09
Libya,CAIT,Transportation,CO2,MtCO₂e,17.24,18.28,15.15,19.56,17.69,16.89,13.62,18.25,15.61,13.46,11.79,12.96,12.86,12.38,11.89,11.71,11.49,11.13,10.95,9.95,10.1,10.52,9.51,8.84,7.44,6.33,6.23,6.19
Liechtenstein,CAIT,Total including LUCF,CO2,MtCO₂e,N/A,0.05,0.05,0.05,0.05,0.05,0.05,0.06,0.05,0.07,0.07,0.0,0.0,0.0,0.0,0.0,0.0,-0.01,-0.01,-0.01,-0.01,-0.01,-0.01,-0.01,-0.01,-0.01,-0.01,-0.01
Lithuania,CAIT,Total including LUCF,CO2,MtCO₂e,10.05,10.03,9.91,9.69,10.18,10.78,10.73,11.6,10.75,12.12,12.23,12.05,13.83,12.94,12.36,12.3,12.2,11.18,12.92,15.37,14.59,14.89,14.4,15.47,16.39,20.64,34.97,32.89
Lithuania,CAIT,Transportation,CO2,MtCO₂e,5.69,5.44,5.05,4.76,4.28,4.28,4.25,4.28,4.14,5.01,5.03,4.33,4.06,3.83,3.49,3.44,3.32,3.04,3.41,3.82,3.63,3.24,2.94,2.4,3.07,4.01,6.08,5.51
Luxembourg,CAIT,Total including LUCF,CO2,MtCO₂e,9.0,8.86,9.14,9.65,10.15,10.69,10.93,11.06,10.47,11.05,11.14,11.74,11.94,11.69,10.27,9.85,9.14,7.85,7.78,7.42,8.1,8.59,8.52,10.67,11.5,11.3,11.61,11.15
Luxembourg,CAIT,Transportation,CO2,MtCO₂e,5.69,5.58,5.75,6.19,6.48,6.63,6.95,6.55,6.19,6.72,6.62,6.9,7.21,6.83,5.86,5.31,5.1,4.85,4.25,3.82,3.65,3.44,3.35,3.52,3.47,3.44,3.15,2.63
Macedonia,CAIT,Total including LUCF,CO2,MtCO₂e,7.86,7.39,7.48,7.78,8.24,9.13,9.64,8.73,8.96,9.58,9.81,9.37,10.61,10.16,10.46,9.68,10.23,8.08,8.41,9.15,8.3,9.37,7.83,7.86,8.16,7.86,7.65,7.86
Macedonia,CAIT,Transportation,CO2,MtCO₂e,2.12,2.04,1.78,1.61,1.53,1.35,1.41,1.34,1.28,1.19,1.16,1.02,1.02,1.01,0.99,0.99,0.95,0.98,1.08,1.01,1.48,1.67,0.88,0.93,1.45,0.77,0.77,0.77
Madagascar,CAIT,Total including LUCF,CO2,MtCO₂e,26.84,26.56,26.15,27.54,29.38,25.01,27.24,39.25,40.33,35.58,37.86,36.39,28.96,28.22,26.71,25.41,30.65,41.54,42.55,42.98,42.0,42.47,43.22,43.06,42.85,42.82,42.8,42.74
Madagascar,CAIT,Transportation,CO2,MtCO₂e,1.24,1.22,1.18,1.14,1.07,1.02,1.0,0.89,0.85,0.89,0.87,0.82,0.85,0.89,0.84,0.6,0.87,0.91,0.91,0.83,0.73,0.7,0.68,0.7,0.62,0.6,0.59,0.53
Malawi,CAIT,Total including LUCF,CO2,MtCO₂e,5.57,5.43,5.44,5.32,5.41,5.28,5.31,7.76,7.73,7.51,7.41,7.22,8.12,8.04,8.2,8.15,9.03,8.11,7.74,7.88,7.91,7.86,7.42,7.41,7.39,7.3,7.3,7.23
Malawi,CAIT,Transportation,CO2,MtCO₂e,0.93,0.79,0.65,0.57,0.71,0.67,0.63,0.61,0.68,0.65,0.51,0.46,0.45,0.47,0.46,0.41,0.4,0.39,0.41,0.43,0.47,0.47,0.47,0.47,0.46,0.45,0.45,0.42
Malaysia,CAIT,Total including LUCF,CO2,MtCO₂e,89.74,95.48,98.55,110.06,83.89,66.07,67.03,187.96,176.55,181.24,170.48,148.85,317.38,306.09,284.76,277.36,262.05,235.76,225.96,237.84,218.49,210.4,202.14,195.27,189.45,187.14,181.59,174.45
Malaysia,CAIT,Transportation,CO2,MtCO₂e,60.57,62.89,61.21,65.17,58.17,44.4,44.63,44.1,42.75,43.62,41.53,39.0,40.7,40.96,38.12,35.8,34.96,32.21,30.41,25.15,26.93,23.39,20.48,19.25,17.43,16.75,15.67,14.56
Maldives,CAIT,Total including LUCF,CO2,MtCO₂e,1.82,1.76,1.35,1.37,1.13,1.14,1.01,0.96,0.91,0.87,0.87,0.87,0.71,0.74,0.53,0.61,0.48,0.46,0.43,0.31,0.34,0.28,0.26,0.2,0.2,0.22,0.16,0.16
Maldives,CAIT,Transportation,CO2,MtCO₂e,1.07,1.0,0.75,0.77,0.69,0.73,0.61,0.58,0.5,0.47,0.52,0.51,0.42,0.43,0.3,0.4,0.31,0.28,0.31,0.22,0.25,0.21,0.19,0.15,0.16,0.19,0.13,0.12
Mali,CAIT,Total including LUCF,CO2,MtCO₂e,11.59,10.96,9.95,9.66,9.59,9.65,9.66,9.32,9.05,8.62,8.6,8.43,8.18,8.01,7.93,7.93,8.14,7.94,7.34,7.31,7.07,7.03,7.01,7.01,7.0,6.99,6.97,6.96
Mali,CAIT,Transportation,CO2,MtCO₂e,2.72,2.53,1.19,1.07,1.4,1.91,1.87,1.55,1.4,1.15,1.12,1.2,1.0,0.9,1.0,0.89,0.9,0.76,N/A,N/A,N/A,N/A,N/A,N/A,N/A,N/A,N/A,N/A
Malta,CAIT,Total including LUCF,CO2,MtCO₂e,1.52,1.35,1.65,2.35,2.37,2.71,2.57,2.58,2.51,2.72,2.71,2.65,2.62,2.6,2.61,2.32,2.49,2.13,2.41,2.37,2.47,2.32,2.38,2.51,2.81,2.17,2.21,2.32
Malta,CAIT,Transportation,CO2,MtCO₂e,0.61,0.59,0.59,0.55,0.54,0.54,0.55,0.56,0.51,0.58,0.53,0.52,0.5,0.45,0.37,0.29,0.43,0.46,0.6,0.65,0.75,0.54,0.69,0.59,0.59,0.53,0.51,0.45
Marshall Islands,CAIT,Total including LUCF,CO2,MtCO₂e,0.18,0.18,0.15,0.15,0.14,0.14,0.14,0.14,0.14,0.13,0.14,0.14,0.14,0.13,0.11,0.12,0.11,0.1,0.1,0.1,0.09,0.09,0.09,0.09,0.09,0.08,0.0,0.0
Marshall Islands,CAIT,Transportation,CO2,MtCO₂e,0.1,0.1,0.09,0.09,0.08,0.09,0.09,0.08,0.07,0.07,0.07,0.06,0.05,0.05,0.04,0.04,0.04,0.04,0.04,0.04,0.04,0.04,0.04,0.03,0.03,0.03,0.0,0.0
Mauritania,CAIT,Total including LUCF,CO2,MtCO₂e,2.28,1.29,1.43,1.0,0.68,0.88,0.67,2.58,2.51,2.31,2.23,1.97,2.55,2.51,2.4,2.37,2.28,2.22,2.21,2.09,2.15,2.16,2.1,2.05,2.01,1.99,1.96,1.94
Mauritania,CAIT,Transportation,CO2,MtCO₂e,1.81,1.2,1.25,1.01,0.93,0.97,0.86,0.92,0.89,0.77,0.83,0.62,0.64,0.63,0.59,0.52,0.42,0.4,0.41,0.34,0.33,0.31,0.27,0.27,0.25,0.24,0.23,0.22
Mauritius,CAIT,Total including LUCF,CO2,MtCO₂e,4.16,4.02,3.95,3.94,3.8,3.71,3.62,3.65,3.42,3.46,3.39,3.3,3.15,2.95,2.93,2.8,2.75,2.41,2.17,1.77,1.6,1.59,1.53,1.49,1.44,1.3,1.23,1.14
Mauritius,CAIT,Transportation,CO2,MtCO₂e,1.12,1.1,1.03,1.0,0.97,0.96,0.93,0.92,0.87,0.84,0.83,0.87,0.86,0.83,0.81,0.78,0.75,0.75,0.71,0.53,0.53,0.54,0.54,0.55,0.54,0.5,0.45,0.44
Mexico,CAIT,Total including LUCF,CO2,MtCO₂e,479.14,486.58,479.92,465.65,477.19,488.04,488.29,479.94,472.76,488.41,473.41,460.71,449.99,431.79,424.6,406.34,400.36,401.71,377.7,390.35,366.46,343.31,323.76,343.21,318.06,306.99,303.33,284.93
Mexico,CAIT,Transportation,CO2,MtCO₂e,151.37,155.89,150.51,151.24,150.64,152.51,151.66,150.58,147.7,151.18,145.17,137.41,130.23,122.76,116.38,109.78,107.88,105.61,101.07,98.31,95.71,91.71,89.39,97.42,91.76,89.69,89.39,83.49
Micronesia,CAIT,Total including LUCF,CO2,MtCO₂e,0.14,0.14,0.12,0.11,0.11,0.1,0.09,0.08,0.1,0.09,0.11,0.11,0.13,0.13,0.13,0.11,0.12,0.1,0.1,0.1,0.1,0.09,0.09,0.08,0.08,0.08,-0.03,0.0
Micronesia,CAIT,Transportation,CO2,MtCO₂e,0.1,0.1,0.08,0.08,0.08,0.07,0.07,0.06,0.08,0.07,0.08,0.08,0.08,0.07,0.07,0.07,0.08,0.06,0.06,0.06,0.06,0.06,0.05,0.05,0.05,0.05,0.0,0.0
Moldova,CAIT,Total including LUCF,CO2,MtCO₂e,7.01,7.0,6.94,6.57,6.06,7.0,7.21,7.38,6.73,7.24,7.29,7.07,7.25,6.85,6.88,6.27,6.1,5.43,6.07,7.37,8.3,9.12,10.87,12.87,16.15,19.05,23.29,29.22
Moldova,CAIT,Transportation,CO2,MtCO₂e,2.06,2.05,1.95,1.79,1.72,1.64,1.86,1.74,1.51,1.59,1.31,1.2,1.19,1.26,1.13,0.96,0.71,0.71,0.72,1.08,1.37,1.4,1.3,1.31,1.43,2.2,2.27,2.42
Mongolia,CAIT,Total including LUCF,CO2,MtCO₂e,38.84,37.54,39.31,37.45,38.07,37.25,35.73,33.47,33.36,36.58,37.19,37.24,29.72,28.77,27.71,30.94,28.18,31.85,29.32,29.39,33.35,29.85,31.48,31.53,33.06,34.07,35.97,34.18
Mongolia,CAIT,Transportation,CO2,MtCO₂e,2.11,1.77,2.01,1.99,1.92,1.97,1.72,1.45,1.48,1.62,1.54,1.28,1.03,1.16,1.0,1.04,0.93,0.97,0.82,0.79,0.81,0.87,0.83,0.67,0.99,0.89,0.99,1.54
Montenegro,CAIT,Total including LUCF,CO2,MtCO₂e,2.25,2.14,2.39,2.25,2.3,2.36,2.62,-14.31,-15.15,-14.2,-14.79,-14.72,0.72,-1.28,-1.28,-1.28,-1.28,-1.22,-1.22,-1.22,-1.22,-1.22,-1.22,-1.22,-1.22,-1.22,-1.22,-1.22
Montenegro,CAIT,Transportation,CO2,MtCO₂e,0.71,0.66,0.56,0.49,0.5,0.62,0.65,0.69,0.63,0.61,0.61,0.47,0.47,N/A,N/A,N/A,N/A,N/A,N/A,N/A,N/A,N/A,N/A,N/A,N/A,N/A,N/A,N/A
Morocco,CAIT,Total including LUCF,CO2,MtCO₂e,64.46,61.61,61.69,59.69,58.25,58.68,56.32,54.39,51.28,50.91,48.46,46.92,34.95,32.63,28.68,28.74,27.39,24.49,23.8,22.25,21.53,20.09,20.4,19.33,17.18,16.46,14.65,12.93
Morocco,CAIT,Transportation,CO2,MtCO₂e,17.67,17.07,16.37,15.41,15.21,14.63,14.41,13.62,12.94,12.24,11.17,10.51,10.2,9.79,9.37,8.99,8.58,8.17,7.76,7.27,6.83,6.4,5.99,5.64,5.22,4.79,4.33,3.89
Mozambique,CAIT,Total including LUCF,CO2,MtCO₂e,43.42,43.19,43.04,41.87,40.86,40.47,40.6,32.78,32.58,32.3,32.3,31.93,37.64,37.84,37.84,37.5,37.34,36.63,36.43,36.44,36.49,36.36,36.37,36.3,36.49,36.3,36.14,36.32
Mozambique,CAIT,Transportation,CO2,MtCO₂e,2.81,2.54,2.53,2.23,2.08,1.91,1.97,1.7,1.54,1.37,1.41,1.13,1.04,1.14,1.13,0.91,0.84,0.85,0.85,0.84,0.83,0.81,0.73,0.7,0.85,0.69,0.5,0.61
Myanmar,CAIT,Total including LUCF,CO2,MtCO₂e,127.64,118.14,116.35,112.71,109.63,106.44,102.85,88.86,86.8,85.65,89.75,89.92,88.9,91.09,89.44,85.88,86.52,111.49,110.92,109.78,108.43,108.84,110.04,108.76,107.92,107.4,107.23,107.3
Myanmar,CAIT,Transportation,CO2,MtCO₂e,5.94,4.44,4.33,3.97,3.52,3.03,2.36,2.3,2.29,2.08,4.46,3.99,4.7,4.27,3.88,3.47,2.82,3.51,3.0,2.95,2.4,2.92,2.72,1.83,1.59,1.04,1.26,1.34
Namibia,CAIT,Total including LUCF,CO2,MtCO₂e,12.3,12.32,12.26,11.95,11.8,11.54,11.3,11.06,11.02,10.93,10.59,10.46,10.43,10.32,10.16,10.05,10.37,10.99,10.61,10.7,10.43,10.45,9.57,9.43,9.21,9.01,8.91,7.79
Namibia,CAIT,Transportation,CO2,MtCO₂e,2.11,2.13,2.1,1.99,1.87,1.77,1.8,1.78,1.7,1.53,1.42,1.41,1.56,1.34,1.26,1.21,1.37,1.14,1.14,1.11,1.07,1.05,0.62,0.57,0.53,0.51,0.48,N/A
Nauru,CAIT,Total including LUCF,CO2,MtCO₂e,0.07,0.06,0.05,0.05,0.05,0.04,0.04,0.04,0.04,0.04,0.04,0.05,0.07,0.07,0.07,0.08,0.08,0.09,0.09,0.1,0.1,0.1,0.11,0.11,0.11,0.12,0.13,0.13
Nauru,CAIT,Transportation,CO2,MtCO₂e,0.02,0.02,0.02,0.01,0.01,0.01,0.01,0.01,0.01,0.01,0.01,0.01,0.01,0.01,0.01,0.02,0.02,0.02,0.02,0.03,0.03,0.03,0.03,0.03,0.03,0.03,0.03,0.03
Nepal,CAIT,Total including LUCF,CO2,MtCO₂e,17.57,15.89,9.59,11.53,10.05,10.3,8.54,8.41,8.43,6.72,5.75,5.74,32.81,31.93,32.83,31.54,32.57,36.63,36.79,35.66,35.45,35.25,35.82,35.67,35.34,35.16,35.11,34.87
Nepal,CAIT,Transportation,CO2,MtCO₂e,4.85,3.9,2.34,2.72,2.44,2.17,1.96,1.94,1.75,1.34,0.91,0.88,0.84,0.84,0.78,0.79,0.75,0.83,0.78,0.77,0.74,0.64,0.62,0.56,0.48,0.44,0.4,0.34
Netherlands,CAIT,Total including LUCF,CO2,MtCO₂e,155.32,157.69,157.52,149.31,156.54,156.94,158.29,170.36,159.74,164.58,163.83,162.91,168.99,173.19,171.51,168.57,168.5,163.03,162.37,167.64,167.2,174.65,165.06,158.15,158.99,153.99,155.2,149.08
Netherlands,CAIT,Transportation,CO2,MtCO₂e,30.78,30.14,29.95,29.46,31.81,32.68,34.15,34.06,33.44,34.95,34.59,35.31,34.42,34.19,33.66,33.13,32.37,32.1,32.09,31.54,30.82,30.82,29.57,29.32,29.88,29.02,27.54,27.05
New Zealand,CAIT,Total including LUCF,CO2,MtCO₂e,15.72,13.98,14.99,14.59,14.55,14.82,13.15,13.21,13.4,16.48,15.5,16.39,17.81,16.42,16.99,15.13,15.27,6.09,5.3,3.92,4.41,2.09,0.97,0.86,0.49,0.98,-0.8,-1.11
New Zealand,CAIT,Transportation,CO2,MtCO₂e,15.67,14.69,14.4,13.82,13.69,13.54,13.64,13.61,13.62,13.89,13.81,13.68,13.53,13.47,13.16,12.63,12.16,12.09,11.59,11.31,11.13,10.91,10.78,10.1,9.44,9.05,8.66,8.66
Nicaragua,CAIT,Total including LUCF,CO2,MtCO₂e,5.52,5.5,5.34,4.83,4.57,4.77,4.85,33.36,33.25,33.31,33.52,33.36,33.2,33.39,33.43,32.95,32.82,32.64,32.41,32.4,31.89,31.69,31.52,31.39,31.06,31.1,30.78,30.8
Nicaragua,CAIT,Transportation,CO2,MtCO₂e,2.34,2.19,2.13,1.89,1.73,1.77,1.67,1.6,1.54,1.52,1.55,1.5,1.45,1.46,1.52,1.53,1.47,1.45,1.41,1.34,1.24,1.17,1.11,1.01,0.95,0.92,0.81,0.75
Niger,CAIT,Total including LUCF,CO2,MtCO₂e,3.54,3.44,3.44,3.45,3.26,3.36,2.87,2.84,2.55,2.33,2.29,2.22,2.23,2.26,2.23,2.16,2.13,7.63,7.65,7.66,7.61,7.61,7.53,7.55,7.57,7.5,7.54,7.57
Niger,CAIT,Transportation,CO2,MtCO₂e,1.24,1.18,1.21,1.17,1.11,1.04,0.78,0.8,0.65,0.5,0.49,0.42,0.4,0.4,0.39,0.37,0.36,0.35,N/A,N/A,N/A,N/A,N/A,N/A,N/A,N/A,N/A,N/A
Nigeria,CAIT,Total including LUCF,CO2,MtCO₂e,296.26,291.75,291.48,299.53,294.05,284.01,285.42,260.87,244.37,261.66,260.26,262.34,243.64,233.83,233.88,231.31,230.35,259.77,258.36,260.34,267.24,270.88,265.24,264.23,268.11,270.1,259.27,251.55
Nigeria,CAIT,Transportation,CO2,MtCO₂e,51.3,51.25,44.65,49.12,44.74,35.07,31.69,29.74,23.51,25.21,20.96,24.1,28.65,29.6,29.09,27.56,26.6,21.88,19.63,18.02,21.91,17.13,14.91,12.9,16.07,18.71,15.34,11.76
Niue,CAIT,Total including LUCF,CO2,MtCO₂e,0.06,0.06,0.05,0.05,0.05,0.05,0.05,-0.01,-0.01,-0.01,-0.01,-0.01,0.04,0.04,0.04,0.04,0.04,0.03,0.03,0.03,0.03,0.03,0.03,0.03,0.03,0.03,0.03,0.03
Niue,CAIT,Transportation,CO2,MtCO₂e,0.0,0.0,0.0,0.0,0.0,0.0,0.0,0.0,0.0,0.01,0.0,0.0,0.0,0.0,0.0,0.0,0.0,0.0,0.0,0.0,0.0,0.0,0.0,0.0,0.0,0.0,0.0,0.0
North Korea,CAIT,Total including LUCF,CO2,MtCO₂e,36.39,44.11,39.31,45.47,41.83,52.51,51.12,65.62,69.39,86.94,79.64,92.95,89.39,86.32,84.53,83.0,86.2,83.99,78.75,73.11,79.69,86.18,95.61,100.95,108.9,116.89,129.55,135.56
North Korea,CAIT,Transportation,CO2,MtCO₂e,1.4,1.45,1.41,1.34,1.44,1.32,1.33,1.33,1.32,1.22,1.19,1.0,1.3,1.55,1.53,1.57,1.57,1.71,0.89,2.13,1.13,2.04,2.53,2.09,3.11,3.39,4.17,4.69
Norway,CAIT,Total including LUCF,CO2,MtCO₂e,13.94,14.99,15.68,15.32,15.25,16.14,17.19,18.13,13.71,13.35,14.24,13.61,14.07,15.15,14.8,12.15,12.46,18.72,24.01,22.17,20.45,18.69,17.74,18.31,16.66,15.08,11.89,13.83
Norway,CAIT,Transportation,CO2,MtCO₂e,12.18,13.76,14.26,14.04,13.94,13.41,13.7,14.2,13.63,13.93,14.28,13.68,13.07,13.01,12.64,12.26,12.26,12.06,12.89,12.68,12.24,12.05,11.52,10.84,11.01,10.41,10.15,10.03
Oman,CAIT,Total including LUCF,CO2,MtCO₂e,69.89,69.53,68.3,64.46,60.98,58.64,52.37,46.46,42.73,40.08,41.02,37.52,27.87,27.52,27.67,26.94,25.28,22.54,20.42,17.28,17.24,15.82,15.6,13.81,14.08,14.9,16.1,11.89
Oman,CAIT,Transportation,CO2,MtCO₂e,12.36,12.44,13.4,12.73,12.12,10.99,9.68,8.34,7.52,7.33,6.17,4.09,3.67,3.21,3.04,2.81,2.88,2.63,2.54,2.49,2.42,2.27,2.19,2.11,2.08,1.95,1.8,1.68
Pakistan,CAIT,Total including LUCF,CO2,MtCO₂e,226.3,209.17,192.19,182.27,173.7,172.35,170.24,162.62,167.14,164.16,168.26,154.48,142.21,139.18,126.19,122.84,120.35,120.01,120.38,111.8,110.95,107.45,104.36,97.88,95.38,88.55,81.94,82.68
Pakistan,CAIT,Transportation,CO2,MtCO₂e,53.84,49.13,44.07,39.06,36.59,35.76,34.95,33.36,32.69,32.17,33.21,27.59,27.2,29.26,27.13,25.87,25.53,25.6,25.89,24.56,23.35,22.79,20.24,19.47,18.42,16.11,14.3,13.79
Palau,CAIT,Total including LUCF,CO2,MtCO₂e,0.27,0.26,0.22,0.22,0.22,0.21,0.22,0.21,0.2,0.21,0.24,0.25,0.12,0.09,0.08,0.08,0.08,0.07,0.06,0.06,0.06,0.06,0.05,0.06,0.06,0.05,-0.14,0.0
Palau,CAIT,Transportation,CO2,MtCO₂e,0.17,0.16,0.14,0.14,0.14,0.14,0.14,0.13,0.13,0.13,0.14,0.14,0.14,0.12,0.12,0.11,0.11,0.11,0.11,0.11,0.11,0.1,0.1,0.1,0.1,0.1,0.0,0.0
Panama,CAIT,Total including LUCF,CO2,MtCO₂e,18.43,18.95,19.1,19.46,18.9,18.74,18.17,17.37,16.88,15.48,15.76,15.81,16.07,14.59,14.49,14.51,15.18,13.83,13.56,14.27,13.19,12.96,12.97,12.65,12.41,12.25,11.74,11.31
Panama,CAIT,Transportation,CO2,MtCO₂e,4.86,4.7,4.35,3.95,3.7,3.71,3.67,3.55,3.42,3.14,2.83,3.03,2.89,2.55,2.48,2.36,2.23,2.33,2.31,2.16,1.94,1.82,1.73,1.65,1.54,1.43,1.33,1.27
Papua New Guinea,CAIT,Total including LUCF,CO2,MtCO₂e,47.2,47.13,95.3,53.42,46.32,44.66,44.21,51.2,44.86,48.52,44.42,55.45,47.42,77.49,49.12,57.28,40.83,42.51,42.31,42.33,116.7,40.25,49.81,49.74,49.9,49.87,49.86,49.86
Papua New Guinea,CAIT,Transportation,CO2,MtCO₂e,2.03,2.05,1.72,1.6,1.44,1.36,1.16,1.12,1.07,1.05,1.07,1.24,1.32,1.23,1.02,0.94,0.89,0.82,0.71,0.75,0.74,0.74,0.7,0.71,0.7,0.65,0.65,0.65
Paraguay,CAIT,Total including LUCF,CO2,MtCO₂e,149.65,148.79,148.01,147.27,146.95,146.82,146.86,132.92,132.25,132.06,131.82,131.71,76.35,76.62,76.58,76.42,76.26,74.18,74.93,74.93,74.77,74.38,74.44,73.99,73.48,73.13,72.68,72.73
Paraguay,CAIT,Transportation,CO2,MtCO₂e,7.26,6.4,5.48,4.98,4.75,4.42,4.68,4.45,3.81,3.66,3.47,3.24,3.06,3.37,3.37,3.17,2.99,2.8,3.48,3.48,3.32,2.96,2.93,2.57,2.28,1.83,1.53,1.62
Peru,CAIT,Total including LUCF,CO2,MtCO₂e,124.8,127.34,124.78,123.51,120.58,119.17,119.24,115.86,110.78,107.94,105.21,100.47,77.02,74.74,70.45,70.93,69.78,71.96,72.43,70.59,71.89,71.2,69.28,66.24,65.42,64.56,63.63,64.51
Peru,CAIT,Transportation,CO2,MtCO₂e,23.48,23.15,21.15,19.34,19.56,18.01,17.7,16.88,15.07,13.79,11.28,10.83,10.08,10.61,9.38,8.92,9.06,9.71,9.87,9.35,9.4,9.09,8.7,8.0,7.05,6.9,6.38,7.14
Philippines,CAIT,Total including LUCF,CO2,MtCO₂e,76.23,64.57,53.31,44.06,37.45,27.71,24.12,113.05,107.0,106.21,104.04,100.29,89.4,87.62,86.06,84.24,82.96,70.55,69.79,72.29,72.69,64.85,59.16,48.86,44.82,41.09,37.72,38.2
Philippines,CAIT,Transportation,CO2,MtCO₂e,34.38,33.34,30.82,26.65,25.56,24.49,23.53,23.75,23.3,22.2,21.98,23.37,25.16,26.68,25.77,26.83,26.64,24.6,27.17,27.26,27.06,25.12,22.15,18.48,16.92,15.88,13.94,13.74
Poland,CAIT,Total including LUCF,CO2,MtCO₂e,285.47,272.39,261.71,258.38,271.01,276.09,283.33,204.3,187.82,198.91,203.95,204.67,274.82,275.28,271.49,260.98,267.24,280.03,293.3,302.73,328.95,339.64,324.35,324.09,328.36,327.71,335.97,334.56
Poland,CAIT,Transportation,CO2,MtCO₂e,61.54,53.26,46.65,43.79,43.18,45.88,47.72,47.12,44.69,44.28,42.33,38.26,34.51,32.09,28.3,25.88,26.8,26.97,30.67,28.19,26.75,25.28,22.32,21.54,20.89,21.47,21.09,20.23
Portugal,CAIT,Total including LUCF,CO2,MtCO₂e,54.96,50.39,51.48,47.56,48.19,49.85,51.5,50.82,56.17,56.71,58.67,60.32,71.11,67.72,66.23,71.2,66.97,63.08,63.63,57.02,52.35,50.16,52.11,48.72,47.21,48.19,44.19,42.49
Portugal,CAIT,Transportation,CO2,MtCO₂e,16.7,16.35,15.77,15.69,15.61,15.83,17.2,18.53,18.96,19.24,19.18,19.01,19.07,19.9,19.44,18.49,17.85,17.61,16.25,15.52,14.25,13.69,12.92,12.43,11.82,11.26,10.35,9.69
Qatar,CAIT,Total including LUCF,CO2,MtCO₂e,87.68,85.28,83.31,80.4,74.6,73.29,65.77,62.27,57.17,55.23,51.05,44.98,41.28,31.91,28.91,27.6,23.49,21.73,22.95,20.81,19.45,17.91,17.02,16.25,15.49,14.68,14.61,12.54
Qatar,CAIT,Transportation,CO2,MtCO₂e,13.45,13.18,12.79,12.27,10.19,9.3,9.85,8.87,8.46,8.41,6.55,5.65,4.73,3.76,3.36,2.9,2.62,2.42,2.29,2.47,2.35,2.1,1.97,1.78,1.68,1.58,1.49,1.47
Republic of Congo,CAIT,Total including LUCF,CO2,MtCO₂e,31.44,31.58,30.94,21.87,33.73,33.6,35.11,29.66,23.64,24.22,27.57,31.45,34.99,27.11,26.06,18.16,21.57,16.89,17.36,17.58,17.81,17.12,28.24,28.09,28.3,28.32,28.39,26.15
Republic of Congo,CAIT,Transportation,CO2,MtCO₂e,1.32,1.45,1.7,2.02,1.91,1.6,1.65,1.48,1.28,1.18,0.96,0.88,0.72,0.71,0.6,0.43,0.55,0.43,0.31,0.32,0.25,0.32,0.42,0.29,0.47,0.47,0.54,0.51
Romania,CAIT,Total including LUCF,CO2,MtCO₂e,-90.34,-93.29,-91.36,-92.9,-92.23,-80.82,-79.28,72.87,75.91,90.81,93.0,94.36,95.5,96.3,99.51,93.71,93.69,89.8,86.41,100.32,114.33,124.91,121.87,116.23,118.77,127.13,143.51,173.77
Romania,CAIT,Transportation,CO2,MtCO₂e,17.62,16.49,15.42,15.31,14.94,15.34,14.05,13.82,14.85,14.83,13.24,12.52,12.07,12.89,12.42,11.79,11.55,9.45,9.31,11.05,11.68,11.48,8.17,8.86,8.35,10.42,10.29,11.73
Russia,CAIT,Total including LUCF,CO2,MtCO₂e,1456.16,1429.87,1401.58,1492.0,1514.07,1599.37,1537.92,1481.08,1391.1,1629.29,1456.52,1477.83,1608.94,1580.37,1656.09,1566.63,1561.23,1688.49,1649.37,1648.85,1606.61,1756.35,1809.31,1857.28,2066.19,2249.84,2389.09,2412.54
Russia,CAIT,Transportation,CO2,MtCO₂e,246.06,240.2,240.61,241.39,238.7,237.32,249.69,244.13,228.33,245.3,230.71,229.17,220.89,222.18,207.55,198.61,195.64,189.17,198.06,196.4,166.57,181.47,190.94,207.06,235.62,280.7,293.1,298.76
Rwanda,CAIT,Total including LUCF,CO2,MtCO₂e,2.08,2.08,2.12,0.64,1.48,0.69,0.85,-0.31,-0.54,0.12,-0.86,-0.09,-8.57,-9.06,-8.1,-9.5,-9.43,9.3,9.39,9.45,9.46,9.35,9.81,9.82,9.84,9.84,9.83,9.88
Saint Kitts and Nevis,CAIT,Total including LUCF,CO2,MtCO₂e,0.25,0.25,0.25,0.24,0.24,0.36,0.27,0.35,0.81,0.35,0.35,0.34,0.2,0.22,0.21,0.21,0.19,0.16,0.15,0.15,0.13,0.12,0.12,0.11,0.11,0.12,0.08,0.08
Saint Kitts and Nevis,CAIT,Transportation,CO2,MtCO₂e,0.08,0.08,0.07,0.07,0.07,0.1,0.08,0.07,0.19,0.07,0.06,0.06,0.05,0.06,0.07,0.07,0.05,0.06,0.06,0.06,0.05,0.05,0.05,0.04,0.04,0.05,0.03,0.03
Saint Lucia,CAIT,Total including LUCF,CO2,MtCO₂e,0.4,0.38,0.41,0.39,0.35,0.56,0.42,0.62,1.27,0.54,0.53,0.63,0.36,0.4,0.41,0.36,0.4,0.32,0.33,0.32,0.28,0.28,0.27,0.24,0.22,0.23,0.14,0.13
Saint Lucia,CAIT,Transportation,CO2,MtCO₂e,0.09,0.07,0.11,0.09,0.05,0.12,0.08,0.12,0.29,0.05,0.05,0.15,0.13,0.17,0.16,0.14,0.16,0.14,0.15,0.16,0.13,0.15,0.13,0.13,0.12,0.12,0.07,0.07
Saint Vincent and the Grenadines,CAIT,Total including LUCF,CO2,MtCO₂e,0.29,0.29,0.24,0.31,0.23,0.42,0.25,0.43,1.17,0.4,0.48,0.43,0.2,0.2,0.19,0.18,0.16,0.06,0.08,0.09,0.05,0.04,0.04,0.03,0.02,0.01,-0.02,-0.03
Saint Vincent and the Grenadines,CAIT,Transportation,CO2,MtCO₂e,0.14,0.14,0.09,0.17,0.11,0.25,0.13,0.15,0.68,0.12,0.19,0.15,0.14,0.15,0.14,0.13,0.12,0.09,0.11,0.12,0.09,0.08,0.09,0.07,0.07,0.07,0.05,0.05
Samoa,CAIT,Total including LUCF,CO2,MtCO₂e,0.3,0.3,0.24,0.21,0.2,0.2,0.2,-0.35,-0.35,-0.36,-0.35,-0.35,0.08,0.06,0.05,0.05,0.04,-1.91,-1.92,-1.92,-1.92,-1.93,-1.93,-1.94,-1.94,-1.94,-1.95,-1.95
Samoa,CAIT,Transportation,CO2,MtCO₂e,0.17,0.17,0.14,0.12,0.11,0.12,0.11,0.11,0.11,0.11,0.11,0.11,0.11,0.1,0.09,0.09,0.09,0.08,0.08,0.08,0.08,0.08,0.08,0.07,0.07,0.07,0.07,0.07
Sao Tome and Principe,CAIT,Total including LUCF,CO2,MtCO₂e,0.13,0.12,0.12,0.12,0.12,0.12,0.1,0.4,0.39,0.38,0.38,0.38,0.08,0.07,0.07,0.06,0.05,0.05,0.05,0.05,0.05,0.05,0.05,0.05,0.05,0.04,0.05,0.05
Sao Tome and Principe,CAIT,Transportation,CO2,MtCO₂e,0.03,0.03,0.03,0.03,0.03,0.03,0.03,0.03,0.03,0.03,0.02,0.02,0.02,0.02,0.02,0.02,0.02,0.02,0.02,0.02,0.02,0.02,0.02,0.02,0.02,0.02,0.02,0.02
Saudi Arabia,CAIT,Total including LUCF,CO2,MtCO₂e,540.7,556.74,561.14,536.81,499.38,488.75,456.67,439.23,399.63,382.24,347.53,328.35,308.97,294.21,278.11,266.91,248.6,244.34,234.53,230.41,214.93,234.09,222.4,218.79,206.21,199.35,186.61,166.39
Saudi Arabia,CAIT,Transportation,CO2,MtCO₂e,142.91,146.45,146.94,136.72,128.91,126.81,116.54,105.4,101.55,98.53,91.26,81.86,75.75,72.17,68.68,66.42,62.72,60.94,58.13,57.91,57.72,56.87,54.13,61.24,57.44,54.53,51.47,49.4
Senegal,CAIT,Total including LUCF,CO2,MtCO₂e,13.97,14.32,13.68,12.97,12.41,11.86,11.97,12.89,12.52,12.27,12.07,11.43,12.27,11.99,11.09,11.18,11.05,11.03,10.93,10.56,10.18,9.89,9.73,9.57,9.47,9.54,9.3,9.29
Senegal,CAIT,Transportation,CO2,MtCO₂e,2.4,2.96,2.72,2.45,2.33,2.1,2.2,2.06,1.95,2.19,2.03,1.55,1.46,1.52,1.41,1.28,1.17,1.17,1.1,1.02,0.92,0.85,0.79,0.74,0.76,0.79,0.75,0.73
Serbia,CAIT,Total including LUCF,CO2,MtCO₂e,45.58,44.93,43.84,37.4,44.83,44.13,49.49,-18.16,-17.75,-13.47,-12.24,-11.06,46.59,52.63,48.19,44.79,41.25,39.31,36.1,52.61,52.59,48.01,40.65,34.96,38.53,44.22,47.52,57.22
Serbia,CAIT,Transportation,CO2,MtCO₂e,6.24,5.97,5.83,5.9,5.65,5.12,5.82,6.44,6.4,6.82,5.54,7.09,6.56,6.28,4.92,4.49,3.7,2.33,2.59,4.9,6.32,4.59,2.73,2.63,2.7,2.26,3.19,4.47
Seychelles,CAIT,Total including LUCF,CO2,MtCO₂e,0.59,0.54,0.5,0.46,0.41,0.45,0.4,0.44,0.51,0.7,0.65,0.74,0.7,0.75,0.55,0.54,0.64,0.58,0.52,0.44,0.35,0.24,0.2,0.21,0.19,0.18,0.18,0.15
Seychelles,CAIT,Transportation,CO2,MtCO₂e,0.15,0.12,0.11,0.11,0.09,0.09,0.08,0.1,0.11,0.1,0.08,0.05,0.06,0.12,0.06,0.06,0.06,0.04,0.07,0.07,0.06,0.05,0.05,0.05,0.04,0.05,0.04,0.03
Sierra Leone,CAIT,Total including LUCF,CO2,MtCO₂e,6.65,6.64,6.62,6.86,6.75,6.57,6.45,6.28,6.24,6.24,6.23,6.32,6.18,6.26,6.28,6.23,6.13,6.09,5.84,5.96,5.92,5.99,5.95,6.18,6.16,6.15,6.05,6.03
Sierra Leone,CAIT,Transportation,CO2,MtCO₂e,0.47,0.47,0.46,0.56,0.5,0.41,0.41,0.35,0.29,0.26,0.29,0.3,0.25,0.21,0.2,0.15,0.12,0.16,0.03,0.07,0.07,0.09,0.08,0.14,0.13,0.13,0.12,0.11
Singapore,CAIT,Total including LUCF,CO2,MtCO₂e,47.47,46.2,45.54,44.5,43.96,43.74,44.81,42.48,38.9,38.49,38.35,37.24,36.94,39.66,38.26,41.41,42.32,42.56,38.45,37.97,39.48,39.84,38.86,39.22,37.36,32.16,31.27,29.71
Singapore,CAIT,Transportation,CO2,MtCO₂e,7.08,7.18,7.22,6.73,6.51,7.01,7.25,6.79,6.7,6.12,6.01,5.81,5.59,5.41,5.31,5.29,5.32,5.22,5.14,5.08,5.07,5.11,5.65,5.14,4.72,4.76,4.93,4.07
Slovakia,CAIT,Total including LUCF,CO2,MtCO₂e,28.48,26.4,25.65,25.35,27.84,27.27,29.03,29.03,27.42,30.63,30.8,31.46,29.31,28.23,29.14,28.87,29.38,28.17,30.76,31.5,32.37,32.27,32.47,31.8,34.42,36.17,38.01,44.89
Slovakia,CAIT,Transportation,CO2,MtCO₂e,7.8,6.74,5.97,6.06,6.48,6.47,7.12,7.15,6.32,7.33,6.69,6.11,6.51,5.93,5.63,6.15,5.35,4.06,4.25,4.18,4.11,3.52,3.8,3.36,2.94,3.55,3.39,4.09
Slovenia,CAIT,Total including LUCF,CO2,MtCO₂e,7.98,7.77,7.01,7.02,8.44,9.01,9.58,8.03,7.76,9.61,8.52,8.53,5.66,5.44,5.15,5.25,5.11,7.79,8.16,8.75,8.97,8.54,7.72,6.85,6.8,6.07,5.98,6.77
Slovenia,CAIT,Transportation,CO2,MtCO₂e,5.77,5.65,5.28,5.3,5.29,5.58,5.57,5.21,5.08,6.06,5.15,4.55,4.31,4.04,3.86,3.8,3.69,3.53,3.59,3.79,4.56,4.36,3.84,3.45,3.09,2.56,2.48,2.62
Solomon Islands,CAIT,Total including LUCF,CO2,MtCO₂e,2.33,2.34,2.29,2.32,2.37,2.34,2.33,1.96,1.95,1.94,1.95,1.95,2.02,1.99,1.96,1.95,1.93,1.92,1.92,1.91,1.9,1.89,1.88,1.88,1.86,1.86,1.85,1.84
Solomon Islands,CAIT,Transportation,CO2,MtCO₂e,0.22,0.23,0.19,0.22,0.27,0.25,0.25,0.23,0.22,0.21,0.22,0.22,0.22,0.21,0.18,0.17,0.16,0.15,0.15,0.15,0.15,0.15,0.14,0.14,0.12,0.11,0.11,0.1
Somalia,CAIT,Total including LUCF,CO2,MtCO₂e,13.86,13.86,13.85,13.85,13.85,13.83,13.83,16.03,16.01,16.02,16.02,15.98,18.18,18.18,18.18,18.17,18.11,16.25,16.26,16.28,16.31,16.34,16.36,16.4,16.41,16.45,16.47,16.5
Somalia,CAIT,Transportation,CO2,MtCO₂e,0.14,0.14,0.13,0.13,0.14,0.13,0.14,0.14,0.16,0.16,0.15,0.14,0.14,0.14,0.14,0.14,0.14,0.14,0.16,0.18,0.2,0.21,0.22,0.24,0.26,0.27,0.29,0.31
South Africa,CAIT,Total including LUCF,CO2,MtCO₂e,435.8,425.84,427.28,450.63,438.66,429.12,411.2,427.43,406.64,428.53,398.87,381.61,380.09,381.94,355.05,333.37,321.79,285.75,279.49,297.7,289.86,274.97,266.18,254.0,248.41,240.81,244.32,249.64
South Africa,CAIT,Transportation,CO2,MtCO₂e,56.71,51.51,53.91,51.33,53.74,48.84,48.78,46.5,45.07,47.05,48.75,44.35,43.2,41.26,38.98,36.79,36.01,35.18,35.36,34.89,35.23,34.32,35.17,31.33,30.23,30.06,29.57,29.55
South Korea,CAIT,Total including LUCF,CO2,MtCO₂e,585.75,575.18,566.91,546.4,558.04,559.36,557.69,525.86,476.99,464.79,453.1,438.54,436.82,441.63,421.34,418.67,427.26,421.22,366.47,331.2,396.01,374.41,349.84,318.76,292.17,261.74,239.58,214.78
South Korea,CAIT,Transportation,CO2,MtCO₂e,103.47,101.31,98.4,92.46,90.88,87.58,85.13,86.61,85.07,84.17,88.64,85.96,86.07,88.95,88.3,86.38,80.98,77.78,71.8,65.17,78.07,76.37,72.47,64.57,61.5,54.52,49.04,43.74
South Sudan,CAIT,Total including LUCF,CO2,MtCO₂e,112.71,112.93,109.89,64.29,126.7,191.32,196.24,154.75,221.24,144.86,137.58,141.13,219.2,244.44,198.93,261.67,214.29,124.04,121.77,126.57,120.5,118.42,145.32,145.32,145.32,145.32,145.32,145.32
South Sudan,CAIT,Transportation,CO2,MtCO₂e,0.74,0.95,1.02,0.97,0.94,0.95,N/A,N/A,N/A,N/A,N/A,N/A,N/A,N/A,N/A,N/A,N/A,N/A,N/A,N/A,N/A,N/A,N/A,N/A,N/A,N/A,N/A,N/A
Spain,CAIT,Total including LUCF,CO2,MtCO₂e,230.31,213.9,223.16,207.88,209.68,236.14,241.54,240.16,254.38,291.05,321.58,308.76,303.86,288.91,272.05,266.04,248.08,246.67,231.59,209.59,201.92,183.4,193.88,181.76,171.41,185.78,175.51,168.32
Spain,CAIT,Transportation,CO2,MtCO₂e,91.16,88.3,85.11,82.06,81.62,82.63,91.96,98.42,101.3,109.9,116.1,113.13,109.51,105.74,101.38,96.4,94.63,90.46,88.5,84.23,76.83,76.89,71.96,70.71,68.39,69.38,65.83,63.21
Sri Lanka,CAIT,Total including LUCF,CO2,MtCO₂e,26.12,24.73,23.17,20.41,17.3,19.67,18.27,15.33,14.55,15.08,15.86,14.7,18.83,17.72,17.26,16.23,15.7,14.54,13.1,12.22,11.95,11.96,9.43,9.38,8.7,8.86,7.59,7.45
Sri Lanka,CAIT,Transportation,CO2,MtCO₂e,10.44,9.36,8.68,8.13,7.73,7.37,7.38,6.92,5.5,6.02,6.57,5.99,6.32,5.84,5.66,5.32,5.22,5.16,5.4,4.88,4.67,5.08,3.7,3.48,2.99,2.8,2.51,2.5
Sudan,CAIT,Total including LUCF,CO2,MtCO₂e,66.54,66.68,64.0,61.53,60.7,61.41,91.28,75.74,100.58,70.56,66.65,67.04,94.87,103.08,84.72,108.79,89.0,53.54,52.3,53.68,51.81,50.08,60.69,60.89,59.42,60.76,61.03,61.59
Sudan,CAIT,Transportation,CO2,MtCO₂e,11.06,11.16,9.8,9.24,8.9,8.45,8.71,8.53,7.59,7.63,6.36,5.83,4.85,4.08,3.74,3.91,3.42,2.65,2.43,2.98,3.13,2.65,2.79,2.98,2.05,3.12,3.13,3.96
Suriname,CAIT,Total including LUCF,CO2,MtCO₂e,5.46,5.64,7.38,6.33,5.99,5.87,5.36,5.07,5.59,5.08,4.23,4.86,4.73,6.41,7.33,4.86,4.09,4.01,4.78,5.37,5.03,4.88,5.66,5.64,5.64,5.63,5.62,5.34
Suriname,CAIT,Transportation,CO2,MtCO₂e,0.61,0.61,0.68,0.67,0.62,0.69,0.57,0.67,0.59,0.57,0.54,0.53,0.5,0.47,0.46,0.43,0.3,0.29,N/A,N/A,N/A,N/A,N/A,N/A,N/A,N/A,N/A,N/A
Sweden,CAIT,Total including LUCF,CO2,MtCO₂e,34.32,34.78,35.19,35.24,36.49,38.08,40.5,44.0,38.61,41.8,42.73,44.55,-1.2,2.09,3.62,2.41,0.87,32.85,36.84,37.97,36.96,43.22,37.8,38.06,36.08,36.32,33.81,32.92
Sweden,CAIT,Transportation,CO2,MtCO₂e,17.33,17.59,18.41,18.36,18.85,19.35,20.38,20.67,20.29,20.82,21.26,21.11,20.99,22.04,21.64,21.35,21.14,21.21,21.07,20.63,20.33,20.1,20.34,20.15,19.44,20.34,19.56,19.86
Switzerland,CAIT,Total including LUCF,CO2,MtCO₂e,37.09,38.07,37.5,38.19,41.95,40.94,39.66,41.84,40.3,41.59,40.17,42.11,44.32,43.75,43.31,42.05,43.65,41.88,42.7,42.42,40.92,42.18,41.61,40.76,41.62,43.87,43.84,41.5
Switzerland,CAIT,Transportation,CO2,MtCO₂e,15.75,16.04,16.2,16.92,17.08,17.13,16.98,17.18,17.24,17.45,17.04,16.7,16.57,16.49,16.39,16.27,16.24,16.55,14.97,14.99,14.85,14.39,14.37,14.62,14.27,15.29,14.95,14.51
Syria,CAIT,Total including LUCF,CO2,MtCO₂e,27.88,25.24,24.83,25.86,29.31,44.78,54.71,57.45,56.91,61.82,59.87,56.58,54.04,43.13,40.73,40.44,39.75,38.0,37.75,38.52,35.62,35.27,32.16,30.35,29.23,29.86,30.58,28.03
Syria,CAIT,Transportation,CO2,MtCO₂e,6.84,6.13,5.71,6.04,6.51,10.57,12.92,12.96,13.13,15.69,15.48,14.47,13.63,10.34,7.86,8.73,8.04,8.46,8.01,9.31,9.0,8.81,7.51,7.53,7.51,7.15,7.6,7.24
Tajikistan,CAIT,Total including LUCF,CO2,MtCO₂e,6.37,5.96,4.76,4.47,3.16,2.99,2.54,2.42,2.39,3.03,3.25,2.67,2.45,2.58,2.17,2.13,2.15,2.29,2.63,2.86,2.6,2.33,2.6,3.12,5.25,7.76,10.27,11.11
Tajikistan,CAIT,Transportation,CO2,MtCO₂e,1.18,1.29,1.33,1.54,0.9,0.88,0.29,0.27,0.24,0.25,0.26,0.16,0.12,0.13,0.1,0.12,0.09,0.04,0.06,0.12,0.14,0.14,0.18,0.2,0.29,0.37,0.73,0.73
Tanzania,CAIT,Total including LUCF,CO2,MtCO₂e,211.37,210.92,216.52,210.98,211.36,214.03,220.42,229.18,230.38,238.06,235.68,228.96,249.83,242.3,239.27,225.81,234.1,211.85,228.41,232.37,222.38,233.42,227.62,226.8,226.8,226.75,226.75,226.78
Tanzania,CAIT,Transportation,CO2,MtCO₂e,5.38,5.32,5.71,5.46,5.66,5.18,4.03,3.54,3.02,3.1,2.85,2.91,2.76,2.4,2.31,2.2,1.75,1.46,1.16,1.39,1.18,1.2,0.9,0.71,0.71,0.68,0.66,0.7
Thailand,CAIT,Total including LUCF,CO2,MtCO₂e,274.44,274.51,276.84,272.88,276.22,265.83,248.38,234.96,220.38,227.4,223.23,217.16,220.31,214.49,195.03,187.32,176.01,174.26,173.63,166.96,187.89,184.71,166.02,147.49,133.33,118.7,108.94,99.83
Thailand,CAIT,Transportation,CO2,MtCO₂e,75.32,69.07,64.88,60.56,62.46,62.85,60.2,57.19,56.36,53.07,55.63,51.27,54.95,54.98,51.2,47.92,45.38,44.2,45.32,43.97,50.85,51.11,46.8,39.27,35.34,30.01,28.35,27.35
Timor-Leste,CAIT,Total including LUCF,CO2,MtCO₂e,6.7,6.79,6.71,6.63,6.56,6.4,6.35,7.67,7.66,7.64,7.63,7.63,6.95,6.94,6.91,6.91,6.74,3.57,3.57,3.57,3.57,3.57,3.57,3.57,3.57,3.57,3.57,3.57
Timor-Leste,CAIT,Transportation,CO2,MtCO₂e,0.09,0.08,0.07,0.08,0.07,0.07,0.06,0.06,0.05,0.05,0.05,0.04,0.05,0.04,0.03,0.03,0.0,0.0,0.0,0.0,0.0,0.0,0.0,0.0,0.0,0.0,0.0,0.0
Togo,CAIT,Total including LUCF,CO2,MtCO₂e,8.63,8.86,8.38,8.14,8.3,8.79,9.07,9.08,9.28,8.02,7.95,8.02,8.32,8.35,8.4,7.91,7.75,7.92,8.36,7.86,7.42,8.01,7.63,7.56,7.29,7.4,7.58,7.63
Togo,CAIT,Transportation,CO2,MtCO₂e,0.89,0.61,0.71,0.4,0.74,1.26,1.48,1.6,1.93,0.87,0.64,0.58,0.61,0.64,0.7,0.48,0.29,0.43,0.58,0.48,0.43,0.66,0.39,0.32,0.17,0.27,0.32,0.43
Tonga,CAIT,Total including LUCF,CO2,MtCO₂e,0.18,0.15,0.11,0.11,0.12,0.11,0.11,-0.39,-0.37,-0.38,-0.38,-0.36,0.13,0.13,0.12,0.1,0.1,0.1,0.11,0.1,0.09,0.08,0.1,0.09,0.09,0.08,0.09,0.08
Tonga,CAIT,Transportation,CO2,MtCO₂e,0.13,0.1,0.07,0.07,0.07,0.07,0.07,0.07,0.09,0.08,0.08,0.1,0.09,0.08,0.08,0.07,0.06,0.06,0.07,0.06,0.07,0.05,0.07,0.07,0.06,0.05,0.07,0.06
Trinidad and Tobago,CAIT,Total including LUCF,CO2,MtCO₂e,17.69,17.73,20.75,21.42,22.23,21.62,22.69,22.95,20.52,21.47,22.4,22.55,19.76,16.07,15.41,16.11,15.53,14.65,14.5,14.39,14.06,13.59,13.45,13.31,12.76,12.22,13.29,14.4
Trinidad and Tobago,CAIT,Transportation,CO2,MtCO₂e,3.05,3.03,3.37,3.35,2.98,3.11,3.19,3.2,3.05,3.0,2.78,2.63,2.15,2.05,1.69,1.69,1.64,1.64,1.57,1.56,1.51,1.39,1.34,1.28,1.22,1.36,1.42,1.35
Tunisia,CAIT,Total including LUCF,CO2,MtCO₂e,29.6,28.69,29.38,28.54,26.48,26.39,25.43,26.93,24.58,24.28,24.01,23.56,22.7,22.39,21.43,21.29,21.21,20.27,19.18,18.26,17.52,16.94,16.38,15.99,15.86,14.52,13.76,13.09
Tunisia,CAIT,Transportation,CO2,MtCO₂e,7.62,7.08,6.73,6.33,6.06,6.36,6.4,6.86,5.72,4.65,4.81,4.56,4.59,4.42,4.38,4.24,4.13,4.03,3.84,3.61,3.51,3.32,3.2,3.1,2.96,2.64,2.56,2.49
Turkey,CAIT,Total including LUCF,CO2,MtCO₂e,351.03,309.72,286.72,275.77,253.3,264.01,252.85,242.19,232.9,232.27,234.04,206.16,205.1,194.7,189.26,178.21,167.87,195.14,171.39,172.38,172.12,163.97,146.78,132.46,134.16,128.35,122.35,117.75
Turkey,CAIT,Transportation,CO2,MtCO₂e,82.84,79.15,72.51,60.93,57.2,51.06,44.0,43.39,44.26,44.67,47.45,41.65,36.94,35.74,35.13,35.08,33.31,34.74,33.3,31.72,34.35,36.99,35.2,31.34,32.27,27.11,26.56,27.85
Turkmenistan,CAIT,Total including LUCF,CO2,MtCO₂e,71.96,72.02,72.08,69.49,67.78,66.3,63.41,57.36,50.38,56.85,56.2,49.73,48.06,46.52,44.12,39.62,37.79,36.85,35.77,30.59,29.94,29.69,33.43,32.87,26.63,28.1,37.79,44.65
Turkmenistan,CAIT,Transportation,CO2,MtCO₂e,11.77,11.77,11.77,11.77,11.12,10.39,9.97,8.26,7.22,9.54,9.18,8.61,8.64,8.27,8.19,7.3,6.62,6.5,4.15,3.26,2.69,4.49,3.99,4.25,7.09,6.88,8.8,9.82
Tuvalu,CAIT,Total including LUCF,CO2,MtCO₂e,0.01,0.01,0.01,0.01,0.01,0.01,0.01,0.0,0.0,0.0,0.01,0.01,0.01,0.01,0.01,0.01,0.01,0.01,0.01,0.01,0.0,0.0,0.0,0.0,0.0,0.0,0.0,0.0
Tuvalu,CAIT,Transportation,CO2,MtCO₂e,0.01,0.01,0.0,0.0,0.0,0.0,0.0,0.0,0.0,0.0,0.0,0.0,0.0,0.0,0.0,0.0,0.0,0.0,0.0,0.0,0.0,0.0,0.0,0.0,0.0,0.0,0.0,0.0
Uganda,CAIT,Total including LUCF,CO2,MtCO₂e,32.1,31.93,32.2,31.51,31.12,30.48,30.86,29.77,29.85,29.25,27.8,29.92,25.31,24.55,23.86,22.86,20.84,22.28,22.18,22.61,21.78,22.08,21.98,21.75,21.83,21.84,21.83,21.8
Uganda,CAIT,Transportation,CO2,MtCO₂e,3.22,3.2,2.38,2.62,2.34,2.11,1.78,1.6,1.33,1.32,1.15,1.25,1.14,1.05,0.95,0.93,0.91,0.9,0.89,0.88,0.77,0.73,0.72,0.55,0.6,0.61,0.61,0.59
Ukraine,CAIT,Total including LUCF,CO2,MtCO₂e,168.0,194.41,190.28,235.01,261.16,273.53,277.86,247.16,231.36,280.65,291.01,282.14,271.26,283.4,306.63,283.73,276.32,249.05,257.69,261.32,280.27,298.18,353.09,369.51,453.16,528.49,603.92,640.61
Ukraine,CAIT,Transportation,CO2,MtCO₂e,25.46,24.4,23.15,27.0,31.36,31.3,33.69,33.91,33.42,39.92,39.95,30.23,30.59,31.17,29.17,29.7,28.47,26.92,28.1,33.58,35.9,30.15,33.32,32.25,35.44,40.95,66.11,54.86
United Arab Emirates,CAIT,Total including LUCF,CO2,MtCO₂e,208.04,199.25,193.83,183.63,183.89,175.52,166.11,162.6,156.97,155.98,131.48,121.24,116.22,109.93,103.48,98.07,96.21,83.34,84.81,82.66,80.26,74.62,71.45,67.1,60.96,58.44,60.31,54.21
United Arab Emirates,CAIT,Transportation,CO2,MtCO₂e,40.72,34.63,30.88,35.58,34.67,30.76,30.09,30.06,28.8,26.16,24.59,23.92,22.75,21.07,20.86,18.77,16.28,14.85,13.57,13.19,13.2,13.27,13.11,12.49,12.6,11.81,11.62,11.29
United Kingdom,CAIT,Total including LUCF,CO2,MtCO₂e,353.61,366.12,387.69,402.08,440.29,454.67,431.77,469.86,453.12,502.38,517.61,529.68,527.94,529.56,530.24,517.48,531.83,517.43,509.67,512.34,509.63,531.97,511.56,522.66,527.79,540.24,557.6,543.95
United Kingdom,CAIT,Transportation,CO2,MtCO₂e,122.09,121.63,118.82,115.64,114.17,114.91,115.4,116.85,118.32,122.74,129.55,128.85,127.2,125.98,124.57,123.17,121.9,122.95,124.73,121.19,121.95,120.86,116.33,117.38,117.0,115.83,114.36,114.97
United States,CAIT,Total including LUCF,CO2,MtCO₂e,4716.1,4791.02,4914.31,5036.56,5007.45,4880.97,5144.4,5028.66,4795.69,5181.09,5471.23,5300.07,5394.82,5406.29,5275.83,5231.03,5356.38,5394.55,5246.5,5209.77,5161.4,4907.3,4798.49,4744.83,4671.94,4551.8,4479.68,4516.58
United States,CAIT,Transportation,CO2,MtCO₂e,1724.02,1711.22,1700.05,1639.85,1646.94,1597.53,1633.59,1679.77,1622.55,1708.27,1806.37,1806.02,1807.72,1788.67,1766.76,1741.64,1720.04,1717.85,1686.18,1640.36,1602.13,1577.19,1537.76,1506.9,1454.19,1430.66,1399.67,1426.97
Uruguay,CAIT,Total including LUCF,CO2,MtCO₂e,-4.45,-4.0,-3.93,-4.03,-3.16,-2.0,-2.88,-13.05,-11.65,-11.57,-13.48,-13.0,-8.38,-8.44,-9.4,-9.36,-8.95,-20.09,-18.76,-19.76,-19.99,-20.1,-20.85,-21.28,-21.05,-20.77,-21.17,-21.69
Uruguay,CAIT,Transportation,CO2,MtCO₂e,3.68,3.52,3.45,3.42,3.43,3.27,3.23,3.1,2.94,2.73,2.68,2.5,2.27,2.21,2.09,2.18,2.41,2.52,2.78,2.69,2.52,2.32,2.18,2.2,1.96,1.73,1.61,1.52
Uzbekistan,CAIT,Total including LUCF,CO2,MtCO₂e,94.95,90.92,85.11,88.98,96.71,94.87,108.61,121.24,113.04,122.88,117.03,120.61,112.24,118.86,115.75,122.82,120.17,119.42,112.67,111.45,96.18,94.82,93.85,104.9,111.46,110.8,116.24,115.42
Uzbekistan,CAIT,Transportation,CO2,MtCO₂e,7.92,7.34,7.47,8.1,8.91,9.21,10.34,10.99,10.53,10.81,10.57,10.61,10.51,10.41,10.46,10.92,11.27,10.94,10.5,10.23,9.49,9.37,6.86,4.27,4.77,5.43,6.94,7.69
Vanuatu,CAIT,Total including LUCF,CO2,MtCO₂e,0.15,0.17,0.12,0.15,0.1,0.11,0.12,0.1,0.1,0.07,0.09,0.04,0.05,0.05,0.07,0.07,0.08,0.06,0.06,0.06,0.06,0.06,0.04,0.04,0.04,0.04,0.04,0.04
Vanuatu,CAIT,Transportation,CO2,MtCO₂e,0.11,0.13,0.1,0.12,0.07,0.08,0.09,0.08,0.08,0.05,0.07,0.02,0.02,0.02,0.04,0.04,0.05,0.05,0.05,0.05,0.05,0.05,0.03,0.03,0.03,0.03,0.04,0.04
Venezuela,CAIT,Total including LUCF,CO2,MtCO₂e,232.37,245.68,249.0,258.17,268.98,247.4,233.27,191.71,165.37,168.33,164.58,158.38,275.58,257.62,266.91,259.68,271.29,245.05,238.69,244.68,247.01,242.01,235.01,228.4,228.21,222.82,220.46,221.19
Venezuela,CAIT,Transportation,CO2,MtCO₂e,37.3,40.78,46.64,53.59,54.5,55.55,50.84,48.6,50.26,49.51,47.44,43.8,41.55,34.84,34.37,38.47,36.2,33.94,32.89,33.23,32.45,34.83,33.49,32.4,31.91,29.78,30.25,28.55
Vietnam,CAIT,Total including LUCF,CO2,MtCO₂e,198.84,200.57,185.72,145.64,131.92,123.8,125.57,138.66,120.71,106.6,94.42,84.75,70.48,62.79,48.46,46.78,33.91,0.96,-4.1,-4.36,-9.25,-15.14,-18.86,-22.43,-24.93,-29.87,-30.87,-30.77
Vietnam,CAIT,Transportation,CO2,MtCO₂e,38.19,36.49,33.05,29.96,29.3,30.06,30.51,31.07,28.93,24.1,22.64,19.34,19.36,19.16,15.65,13.84,11.3,10.57,9.83,9.2,8.75,8.0,7.27,7.61,6.9,4.42,3.94,4.17
World,CAIT,Total including LUCF,CO2,MtCO₂e,37121.45,36654.53,37115.41,37055.43,36848.07,36271.92,35879.99,34844.99,33297.91,33448.86,33180.53,32450.66,32328.67,31452.8,29963.3,29163.91,28100.04,27265.43,26610.76,26683.24,26989.99,25932.75,25820.73,25196.62,25060.36,24924.61,24992.74,24786.26
World,CAIT,Transportation,CO2,MtCO₂e,8078.45,7878.14,7717.01,7498.34,7373.42,7182.12,7126.58,7011.93,6724.1,6862.6,6856.17,6649.63,6498.62,6358.37,6076.41,5951.04,5800.87,5770.25,5592.43,5431.29,5309.68,5232.37,5024.9,4891.4,4794.31,4753.49,4648.55,4609.04
Yemen,CAIT,Total including LUCF,CO2,MtCO₂e,10.06,10.88,14.21,26.71,26.35,19.68,20.69,23.99,25.65,22.01,20.63,19.41,19.38,18.4,17.4,15.14,15.08,13.89,13.17,11.73,10.85,10.08,9.87,8.48,8.12,9.13,8.5,6.64
Yemen,CAIT,Transportation,CO2,MtCO₂e,2.56,2.64,3.04,8.38,8.3,5.48,6.66,7.15,8.15,5.04,4.72,5.17,5.57,5.22,5.03,4.25,4.84,4.4,4.51,4.08,3.78,3.76,3.96,4.45,4.41,5.41,5.13,4.01
Zambia,CAIT,Total including LUCF,CO2,MtCO₂e,348.22,346.82,330.16,307.42,327.58,318.67,304.07,330.24,297.22,339.11,325.42,348.53,408.27,351.93,342.02,326.97,286.13,298.42,263.19,290.78,285.41,312.59,338.75,338.77,339.14,339.47,339.5,339.37
Zambia,CAIT,Transportation,CO2,MtCO₂e,2.06,2.07,2.1,1.88,1.66,1.61,1.34,1.23,1.15,0.98,0.9,1.02,0.99,0.92,0.86,0.81,0.77,0.73,0.67,0.7,0.73,0.63,0.81,0.81,0.66,0.93,0.97,0.77
Zimbabwe,CAIT,Total including LUCF,CO2,MtCO₂e,46.28,47.03,48.44,48.19,48.4,48.16,47.54,47.44,45.38,45.23,47.39,47.46,48.25,47.51,47.91,50.22,51.64,51.45,53.57,51.83,51.58,52.61,53.24,53.71,54.83,56.22,56.05,54.29
Zimbabwe,CAIT,Transportation,CO2,MtCO₂e,2.24,2.18,2.57,2.64,2.93,2.64,2.33,1.36,1.14,1.02,1.24,1.28,1.32,1.22,1.4,1.68,1.83,1.93,3.13,2.12,2.14,2.14,2.17,1.75,1.97,2.21,1.59,2.1
