Temperature - (Celsius), Year, Statistics, Longitude, Latitude
26.10000038147, 1901, Jan Average, 106.816666, -6.2
25.60000038147, 1901, Feb Average, 106.816666, -6.2
27.10000038147, 1901, Mar Average, 106.816666, -6.2
26.800001144409, 1901, Apr Average, 106.816666, -6.2
27.5, 1901, May Average, 106.816666, -6.2
25.700000762939, 1901, Jun Average, 106.816666, -6.2
26.60000038147, 1901, Jul Average, 106.816666, -6.2
25.700000762939, 1901, Aug Average, 106.816666, -6.2
26, 1901, Sep Average, 106.816666, -6.2
26.800001144409, 1901, Oct Average, 106.816666, -6.2
27.5, 1901, Nov Average, 106.816666, -6.2
25.89999961853, 1901, Dec Average, 106.816666, -6.2
25.800001144409, 1902, Jan Average, 106.816666, -6.2
25.5, 1902, Feb Average, 106.816666, -6.2
26.10000038147, 1902, Mar Average, 106.816666, -6.2
26.39999961853, 1902, Apr Average, 106.816666, -6.2
27.5, 1902, May Average, 106.816666, -6.2
25.800001144409, 1902, Jun Average, 106.816666, -6.2
25.5, 1902, Jul Average, 106.816666, -6.2
25.89999961853, 1902, Aug Average, 106.816666, -6.2
26.10000038147, 1902, Sep Average, 106.816666, -6.2
27, 1902, Oct Average, 106.816666, -6.2
27.5, 1902, Nov Average, 106.816666, -6.2
26.60000038147, 1902, Dec Average, 106.816666, -6.2
27, 1903, Jan Average, 106.816666, -6.2
26, 1903, Feb Average, 106.816666, -6.2
26.60000038147, 1903, Mar Average, 106.816666, -6.2
26.300001144409, 1903, Apr Average, 106.816666, -6.2
27.5, 1903, May Average, 106.816666, -6.2
25.800001144409, 1903, Jun Average, 106.816666, -6.2
25.60000038147, 1903, Jul Average, 106.816666, -6.2
25.89999961853, 1903, Aug Average, 106.816666, -6.2
26.10000038147, 1903, Sep Average, 106.816666, -6.2
26.10000038147, 1903, Oct Average, 106.816666, -6.2
27.5, 1903, Nov Average, 106.816666, -6.2
25.60000038147, 1903, Dec Average, 106.816666, -6.2
25.60000038147, 1904, Jan Average, 106.816666, -6.2
25.200000762939, 1904, Feb Average, 106.816666, -6.2
27.10000038147, 1904, Mar Average, 106.816666, -6.2
25.89999961853, 1904, Apr Average, 106.816666, -6.2
27.5, 1904, May Average, 106.816666, -6.2
26.89999961853, 1904, Jun Average, 106.816666, -6.2
26.60000038147, 1904, Jul Average, 106.816666, -6.2
25.39999961853, 1904, Aug Average, 106.816666, -6.2
27.10000038147, 1904, Sep Average, 106.816666, -6.2
25.89999961853, 1904, Oct Average, 106.816666, -6.2
27.5, 1904, Nov Average, 106.816666, -6.2
25.89999961853, 1904, Dec Average, 106.816666, -6.2
26.200000762939, 1905, Jan Average, 106.816666, -6.2
25.89999961853, 1905, Feb Average, 106.816666, -6.2
26.60000038147, 1905, Mar Average, 106.816666, -6.2
26.10000038147, 1905, Apr Average, 106.816666, -6.2
27.5, 1905, May Average, 106.816666, -6.2
26.5, 1905, Jun Average, 106.816666, -6.2
25.89999961853, 1905, Jul Average, 106.816666, -6.2
25.800001144409, 1905, Aug Average, 106.816666, -6.2
26.10000038147, 1905, Sep Average, 106.816666, -6.2
27.200000762939, 1905, Oct Average, 106.816666, -6.2
27.5, 1905, Nov Average, 106.816666, -6.2
26.800001144409, 1905, Dec Average, 106.816666, -6.2
26.700000762939, 1906, Jan Average, 106.816666, -6.2
26.89999961853, 1906, Feb Average, 106.816666, -6.2
26.60000038147, 1906, Mar Average, 106.816666, -6.2
26.700000762939, 1906, Apr Average, 106.816666, -6.2
27.5, 1906, May Average, 106.816666, -6.2
26.10000038147, 1906, Jun Average, 106.816666, -6.2
25.800001144409, 1906, Jul Average, 106.816666, -6.2
25.800001144409, 1906, Aug Average, 106.816666, -6.2
26, 1906, Sep Average, 106.816666, -6.2
26.10000038147, 1906, Oct Average, 106.816666, -6.2
27.5, 1906, Nov Average, 106.816666, -6.2
25.800001144409, 1906, Dec Average, 106.816666, -6.2
25.800001144409, 1907, Jan Average, 106.816666, -6.2
25.60000038147, 1907, Feb Average, 106.816666, -6.2
25.89999961853, 1907, Mar Average, 106.816666, -6.2
26.200000762939, 1907, Apr Average, 106.816666, -6.2
27.5, 1907, May Average, 106.816666, -6.2
25.700000762939, 1907, Jun Average, 106.816666, -6.2
25.5, 1907, Jul Average, 106.816666, -6.2
25.5, 1907, Aug Average, 106.816666, -6.2
27.10000038147, 1907, Sep Average, 106.816666, -6.2
26.39999961853, 1907, Oct Average, 106.816666, -6.2
27.5, 1907, Nov Average, 106.816666, -6.2
26, 1907, Dec Average, 106.816666, -6.2
26.300001144409, 1908, Jan Average, 106.816666, -6.2
26, 1908, Feb Average, 106.816666, -6.2
26.5, 1908, Mar Average, 106.816666, -6.2
26.60000038147, 1908, Apr Average, 106.816666, -6.2
27.5, 1908, May Average, 106.816666, -6.2
25.700000762939, 1908, Jun Average, 106.816666, -6.2
26.60000038147, 1908, Jul Average, 106.816666, -6.2
25.800001144409, 1908, Aug Average, 106.816666, -6.2
27.10000038147, 1908, Sep Average, 106.816666, -6.2
26.200000762939, 1908, Oct Average, 106.816666, -6.2
27.5, 1908, Nov Average, 106.816666, -6.2
26.200000762939, 1908, Dec Average, 106.816666, -6.2
26.39999961853, 1909, Jan Average, 106.816666, -6.2
26, 1909, Feb Average, 106.816666, -6.2
26.200000762939, 1909, Mar Average, 106.816666, -6.2
26.5, 1909, Apr Average, 106.816666, -6.2
27.5, 1909, May Average, 106.816666, -6.2
26.89999961853, 1909, Jun Average, 106.816666, -6.2
25.39999961853, 1909, Jul Average, 106.816666, -6.2
26, 1909, Aug Average, 106.816666, -6.2
26, 1909, Sep Average, 106.816666, -6.2
26.200000762939, 1909, Oct Average, 106.816666, -6.2
27.5, 1909, Nov Average, 106.816666, -6.2
26, 1909, Dec Average, 106.816666, -6.2
26.300001144409, 1910, Jan Average, 106.816666, -6.2
26.200000762939, 1910, Feb Average, 106.816666, -6.2
26.10000038147, 1910, Mar Average, 106.816666, -6.2
26.10000038147, 1910, Apr Average, 106.816666, -6.2
27.5, 1910, May Average, 106.816666, -6.2
25.800001144409, 1910, Jun Average, 106.816666, -6.2
25.700000762939, 1910, Jul Average, 106.816666, -6.2
25.700000762939, 1910, Aug Average, 106.816666, -6.2
27.10000038147, 1910, Sep Average, 106.816666, -6.2
25.800001144409, 1910, Oct Average, 106.816666, -6.2
27.5, 1910, Nov Average, 106.816666, -6.2
26, 1910, Dec Average, 106.816666, -6.2
25.89999961853, 1911, Jan Average, 106.816666, -6.2
25.800001144409, 1911, Feb Average, 106.816666, -6.2
26.60000038147, 1911, Mar Average, 106.816666, -6.2
26.60000038147, 1911, Apr Average, 106.816666, -6.2
27.89999961853, 1911, May Average, 106.816666, -6.2
26, 1911, Jun Average, 106.816666, -6.2
25.5, 1911, Jul Average, 106.816666, -6.2
25.700000762939, 1911, Aug Average, 106.816666, -6.2
26.39999961853, 1911, Sep Average, 106.816666, -6.2
26.300001144409, 1911, Oct Average, 106.816666, -6.2
28.800001144409, 1911, Nov Average, 106.816666, -6.2
26.39999961853, 1911, Dec Average, 106.816666, -6.2
26.300001144409, 1912, Jan Average, 106.816666, -6.2
26.39999961853, 1912, Feb Average, 106.816666, -6.2
26.39999961853, 1912, Mar Average, 106.816666, -6.2
27.39999961853, 1912, Apr Average, 106.816666, -6.2
27.89999961853, 1912, May Average, 106.816666, -6.2
26.10000038147, 1912, Jun Average, 106.816666, -6.2
25.700000762939, 1912, Jul Average, 106.816666, -6.2
26.39999961853, 1912, Aug Average, 106.816666, -6.2
26.300001144409, 1912, Sep Average, 106.816666, -6.2
26.5, 1912, Oct Average, 106.816666, -6.2
28.300001144409, 1912, Nov Average, 106.816666, -6.2
26.39999961853, 1912, Dec Average, 106.816666, -6.2
26.300001144409, 1913, Jan Average, 106.816666, -6.2
26.39999961853, 1913, Feb Average, 106.816666, -6.2
26.10000038147, 1913, Mar Average, 106.816666, -6.2
26.39999961853, 1913, Apr Average, 106.816666, -6.2
27.89999961853, 1913, May Average, 106.816666, -6.2
25.89999961853, 1913, Jun Average, 106.816666, -6.2
26, 1913, Jul Average, 106.816666, -6.2
26.10000038147, 1913, Aug Average, 106.816666, -6.2
26.5, 1913, Sep Average, 106.816666, -6.2
27, 1913, Oct Average, 106.816666, -6.2
28.5, 1913, Nov Average, 106.816666, -6.2
26.5, 1913, Dec Average, 106.816666, -6.2
26.5, 1914, Jan Average, 106.816666, -6.2
26.39999961853, 1914, Feb Average, 106.816666, -6.2
26.700000762939, 1914, Mar Average, 106.816666, -6.2
26.60000038147, 1914, Apr Average, 106.816666, -6.2
28.89999961853, 1914, May Average, 106.816666, -6.2
26.200000762939, 1914, Jun Average, 106.816666, -6.2
25.89999961853, 1914, Jul Average, 106.816666, -6.2
26.10000038147, 1914, Aug Average, 106.816666, -6.2
26.300001144409, 1914, Sep Average, 106.816666, -6.2
27.5, 1914, Oct Average, 106.816666, -6.2
29, 1914, Nov Average, 106.816666, -6.2
26.89999961853, 1914, Dec Average, 106.816666, -6.2
26.39999961853, 1915, Jan Average, 106.816666, -6.2
26.39999961853, 1915, Feb Average, 106.816666, -6.2
27.200000762939, 1915, Mar Average, 106.816666, -6.2
27, 1915, Apr Average, 106.816666, -6.2
27.39999961853, 1915, May Average, 106.816666, -6.2
26.5, 1915, Jun Average, 106.816666, -6.2
26.39999961853, 1915, Jul Average, 106.816666, -6.2
26.39999961853, 1915, Aug Average, 106.816666, -6.2
26.39999961853, 1915, Sep Average, 106.816666, -6.2
26.89999961853, 1915, Oct Average, 106.816666, -6.2
28.800001144409, 1915, Nov Average, 106.816666, -6.2
26.300001144409, 1915, Dec Average, 106.816666, -6.2
25.5, 1916, Jan Average, 106.816666, -6.2
26, 1916, Feb Average, 106.816666, -6.2
26.200000762939, 1916, Mar Average, 106.816666, -6.2
26.700000762939, 1916, Apr Average, 106.816666, -6.2
26.89999961853, 1916, May Average, 106.816666, -6.2
25.89999961853, 1916, Jun Average, 106.816666, -6.2
25.89999961853, 1916, Jul Average, 106.816666, -6.2
25.89999961853, 1916, Aug Average, 106.816666, -6.2
26.200000762939, 1916, Sep Average, 106.816666, -6.2
26.700000762939, 1916, Oct Average, 106.816666, -6.2
28.60000038147, 1916, Nov Average, 106.816666, -6.2
25.800001144409, 1916, Dec Average, 106.816666, -6.2
25.5, 1917, Jan Average, 106.816666, -6.2
25.60000038147, 1917, Feb Average, 106.816666, -6.2
26.10000038147, 1917, Mar Average, 106.816666, -6.2
26.200000762939, 1917, Apr Average, 106.816666, -6.2
26.700000762939, 1917, May Average, 106.816666, -6.2
26.10000038147, 1917, Jun Average, 106.816666, -6.2
26.200000762939, 1917, Jul Average, 106.816666, -6.2
26.10000038147, 1917, Aug Average, 106.816666, -6.2
27.39999961853, 1917, Sep Average, 106.816666, -6.2
28.10000038147, 1917, Oct Average, 106.816666, -6.2
28.60000038147, 1917, Nov Average, 106.816666, -6.2
27.60000038147, 1917, Dec Average, 106.816666, -6.2
25, 1918, Jan Average, 106.816666, -6.2
25.10000038147, 1918, Feb Average, 106.816666, -6.2
25.89999961853, 1918, Mar Average, 106.816666, -6.2
26.89999961853, 1918, Apr Average, 106.816666, -6.2
27.300001144409, 1918, May Average, 106.816666, -6.2
26.200000762939, 1918, Jun Average, 106.816666, -6.2
26, 1918, Jul Average, 106.816666, -6.2
26, 1918, Aug Average, 106.816666, -6.2
26.5, 1918, Sep Average, 106.816666, -6.2
27.200000762939, 1918, Oct Average, 106.816666, -6.2
28.60000038147, 1918, Nov Average, 106.816666, -6.2
26.5, 1918, Dec Average, 106.816666, -6.2
26.5, 1919, Jan Average, 106.816666, -6.2
26.5, 1919, Feb Average, 106.816666, -6.2
26.89999961853, 1919, Mar Average, 106.816666, -6.2
26.700000762939, 1919, Apr Average, 106.816666, -6.2
27.39999961853, 1919, May Average, 106.816666, -6.2
26, 1919, Jun Average, 106.816666, -6.2
25.60000038147, 1919, Jul Average, 106.816666, -6.2
25.89999961853, 1919, Aug Average, 106.816666, -6.2
26.300001144409, 1919, Sep Average, 106.816666, -6.2
26.89999961853, 1919, Oct Average, 106.816666, -6.2
28.39999961853, 1919, Nov Average, 106.816666, -6.2
26.39999961853, 1919, Dec Average, 106.816666, -6.2
25.700000762939, 1920, Jan Average, 106.816666, -6.2
26, 1920, Feb Average, 106.816666, -6.2
26.700000762939, 1920, Mar Average, 106.816666, -6.2
26.200000762939, 1920, Apr Average, 106.816666, -6.2
27.5, 1920, May Average, 106.816666, -6.2
26.10000038147, 1920, Jun Average, 106.816666, -6.2
26.10000038147, 1920, Jul Average, 106.816666, -6.2
25.5, 1920, Aug Average, 106.816666, -6.2
27.89999961853, 1920, Sep Average, 106.816666, -6.2
28.300001144409, 1920, Oct Average, 106.816666, -6.2
29, 1920, Nov Average, 106.816666, -6.2
26.300001144409, 1920, Dec Average, 106.816666, -6.2
26.200000762939, 1921, Jan Average, 106.816666, -6.2
25.800001144409, 1921, Feb Average, 106.816666, -6.2
26.200000762939, 1921, Mar Average, 106.816666, -6.2
26.39999961853, 1921, Apr Average, 106.816666, -6.2
26.700000762939, 1921, May Average, 106.816666, -6.2
25.800001144409, 1921, Jun Average, 106.816666, -6.2
25.800001144409, 1921, Jul Average, 106.816666, -6.2
26.200000762939, 1921, Aug Average, 106.816666, -6.2
26.10000038147, 1921, Sep Average, 106.816666, -6.2
26.39999961853, 1921, Oct Average, 106.816666, -6.2
28.10000038147, 1921, Nov Average, 106.816666, -6.2
25.800001144409, 1921, Dec Average, 106.816666, -6.2
26.300001144409, 1922, Jan Average, 106.816666, -6.2
25.800001144409, 1922, Feb Average, 106.816666, -6.2
26.39999961853, 1922, Mar Average, 106.816666, -6.2
26.60000038147, 1922, Apr Average, 106.816666, -6.2
26.800001144409, 1922, May Average, 106.816666, -6.2
26.200000762939, 1922, Jun Average, 106.816666, -6.2
26.10000038147, 1922, Jul Average, 106.816666, -6.2
26.300001144409, 1922, Aug Average, 106.816666, -6.2
26.300001144409, 1922, Sep Average, 106.816666, -6.2
26.39999961853, 1922, Oct Average, 106.816666, -6.2
29, 1922, Nov Average, 106.816666, -6.2
26.39999961853, 1922, Dec Average, 106.816666, -6.2
25.89999961853, 1923, Jan Average, 106.816666, -6.2
26.10000038147, 1923, Feb Average, 106.816666, -6.2
26.300001144409, 1923, Mar Average, 106.816666, -6.2
26.800001144409, 1923, Apr Average, 106.816666, -6.2
27.200000762939, 1923, May Average, 106.816666, -6.2
26.300001144409, 1923, Jun Average, 106.816666, -6.2
25.39999961853, 1923, Jul Average, 106.816666, -6.2
25.60000038147, 1923, Aug Average, 106.816666, -6.2
26, 1923, Sep Average, 106.816666, -6.2
27.39999961853, 1923, Oct Average, 106.816666, -6.2
28.39999961853, 1923, Nov Average, 106.816666, -6.2
26.39999961853, 1923, Dec Average, 106.816666, -6.2
26.800001144409, 1924, Jan Average, 106.816666, -6.2
26.39999961853, 1924, Feb Average, 106.816666, -6.2
26.60000038147, 1924, Mar Average, 106.816666, -6.2
26.5, 1924, Apr Average, 106.816666, -6.2
27.60000038147, 1924, May Average, 106.816666, -6.2
26.39999961853, 1924, Jun Average, 106.816666, -6.2
26.39999961853, 1924, Jul Average, 106.816666, -6.2
26.60000038147, 1924, Aug Average, 106.816666, -6.2
26.800001144409, 1924, Sep Average, 106.816666, -6.2
26.10000038147, 1924, Oct Average, 106.816666, -6.2
27.60000038147, 1924, Nov Average, 106.816666, -6.2
26, 1924, Dec Average, 106.816666, -6.2
26.10000038147, 1925, Jan Average, 106.816666, -6.2
25.60000038147, 1925, Feb Average, 106.816666, -6.2
25.89999961853, 1925, Mar Average, 106.816666, -6.2
26.60000038147, 1925, Apr Average, 106.816666, -6.2
27.5, 1925, May Average, 106.816666, -6.2
26.5, 1925, Jun Average, 106.816666, -6.2
26.200000762939, 1925, Jul Average, 106.816666, -6.2
26.5, 1925, Aug Average, 106.816666, -6.2
26.800001144409, 1925, Sep Average, 106.816666, -6.2
27.10000038147, 1925, Oct Average, 106.816666, -6.2
28.10000038147, 1925, Nov Average, 106.816666, -6.2
26.800001144409, 1925, Dec Average, 106.816666, -6.2
26.10000038147, 1926, Jan Average, 106.816666, -6.2
26.39999961853, 1926, Feb Average, 106.816666, -6.2
26.5, 1926, Mar Average, 106.816666, -6.2
27.5, 1926, Apr Average, 106.816666, -6.2
28, 1926, May Average, 106.816666, -6.2
26.700000762939, 1926, Jun Average, 106.816666, -6.2
26.5, 1926, Jul Average, 106.816666, -6.2
26.700000762939, 1926, Aug Average, 106.816666, -6.2
26.60000038147, 1926, Sep Average, 106.816666, -6.2
27, 1926, Oct Average, 106.816666, -6.2
28.200000762939, 1926, Nov Average, 106.816666, -6.2
26.300001144409, 1926, Dec Average, 106.816666, -6.2
26.10000038147, 1927, Jan Average, 106.816666, -6.2
26.39999961853, 1927, Feb Average, 106.816666, -6.2
26.5, 1927, Mar Average, 106.816666, -6.2
26.700000762939, 1927, Apr Average, 106.816666, -6.2
27.5, 1927, May Average, 106.816666, -6.2
26.200000762939, 1927, Jun Average, 106.816666, -6.2
26.200000762939, 1927, Jul Average, 106.816666, -6.2
26.5, 1927, Aug Average, 106.816666, -6.2
26.60000038147, 1927, Sep Average, 106.816666, -6.2
26.89999961853, 1927, Oct Average, 106.816666, -6.2
28, 1927, Nov Average, 106.816666, -6.2
26.60000038147, 1927, Dec Average, 106.816666, -6.2
26.800001144409, 1928, Jan Average, 106.816666, -6.2
26.60000038147, 1928, Feb Average, 106.816666, -6.2
26.60000038147, 1928, Mar Average, 106.816666, -6.2
26.700000762939, 1928, Apr Average, 106.816666, -6.2
27.700000762939, 1928, May Average, 106.816666, -6.2
26.10000038147, 1928, Jun Average, 106.816666, -6.2
26, 1928, Jul Average, 106.816666, -6.2
25.89999961853, 1928, Aug Average, 106.816666, -6.2
26.60000038147, 1928, Sep Average, 106.816666, -6.2
26.89999961853, 1928, Oct Average, 106.816666, -6.2
27.800001144409, 1928, Nov Average, 106.816666, -6.2
26.300001144409, 1928, Dec Average, 106.816666, -6.2
26.10000038147, 1929, Jan Average, 106.816666, -6.2
26.39999961853, 1929, Feb Average, 106.816666, -6.2
26.200000762939, 1929, Mar Average, 106.816666, -6.2
26.800001144409, 1929, Apr Average, 106.816666, -6.2
26.89999961853, 1929, May Average, 106.816666, -6.2
26.200000762939, 1929, Jun Average, 106.816666, -6.2
25.700000762939, 1929, Jul Average, 106.816666, -6.2
26.200000762939, 1929, Aug Average, 106.816666, -6.2
26.700000762939, 1929, Sep Average, 106.816666, -6.2
27.200000762939, 1929, Oct Average, 106.816666, -6.2
27.5, 1929, Nov Average, 106.816666, -6.2
26.200000762939, 1929, Dec Average, 106.816666, -6.2
26.700000762939, 1930, Jan Average, 106.816666, -6.2
26.300001144409, 1930, Feb Average, 106.816666, -6.2
26.89999961853, 1930, Mar Average, 106.816666, -6.2
26.5, 1930, Apr Average, 106.816666, -6.2
27.60000038147, 1930, May Average, 106.816666, -6.2
26.300001144409, 1930, Jun Average, 106.816666, -6.2
26.200000762939, 1930, Jul Average, 106.816666, -6.2
26.700000762939, 1930, Aug Average, 106.816666, -6.2
26.800001144409, 1930, Sep Average, 106.816666, -6.2
27.200000762939, 1930, Oct Average, 106.816666, -6.2
28.200000762939, 1930, Nov Average, 106.816666, -6.2
27, 1930, Dec Average, 106.816666, -6.2
27.300001144409, 1931, Jan Average, 106.816666, -6.2
27.10000038147, 1931, Feb Average, 106.816666, -6.2
26.89999961853, 1931, Mar Average, 106.816666, -6.2
27.200000762939, 1931, Apr Average, 106.816666, -6.2
27.89999961853, 1931, May Average, 106.816666, -6.2
26.60000038147, 1931, Jun Average, 106.816666, -6.2
26.200000762939, 1931, Jul Average, 106.816666, -6.2
26.700000762939, 1931, Aug Average, 106.816666, -6.2
26.89999961853, 1931, Sep Average, 106.816666, -6.2
27, 1931, Oct Average, 106.816666, -6.2
28.200000762939, 1931, Nov Average, 106.816666, -6.2
26.5, 1931, Dec Average, 106.816666, -6.2
26.200000762939, 1932, Jan Average, 106.816666, -6.2
26.10000038147, 1932, Feb Average, 106.816666, -6.2
26.300001144409, 1932, Mar Average, 106.816666, -6.2
26.700000762939, 1932, Apr Average, 106.816666, -6.2
27.39999961853, 1932, May Average, 106.816666, -6.2
26.10000038147, 1932, Jun Average, 106.816666, -6.2
26.300001144409, 1932, Jul Average, 106.816666, -6.2
26.700000762939, 1932, Aug Average, 106.816666, -6.2
26.700000762939, 1932, Sep Average, 106.816666, -6.2
27.200000762939, 1932, Oct Average, 106.816666, -6.2
27.5, 1932, Nov Average, 106.816666, -6.2
26.39999961853, 1932, Dec Average, 106.816666, -6.2
26.89999961853, 1933, Jan Average, 106.816666, -6.2
26, 1933, Feb Average, 106.816666, -6.2
26.39999961853, 1933, Mar Average, 106.816666, -6.2
26.60000038147, 1933, Apr Average, 106.816666, -6.2
27.700000762939, 1933, May Average, 106.816666, -6.2
26.200000762939, 1933, Jun Average, 106.816666, -6.2
26.300001144409, 1933, Jul Average, 106.816666, -6.2
26.5, 1933, Aug Average, 106.816666, -6.2
26.10000038147, 1933, Sep Average, 106.816666, -6.2
26.800001144409, 1933, Oct Average, 106.816666, -6.2
27.300001144409, 1933, Nov Average, 106.816666, -6.2
26.39999961853, 1933, Dec Average, 106.816666, -6.2
26.300001144409, 1934, Jan Average, 106.816666, -6.2
25.89999961853, 1934, Feb Average, 106.816666, -6.2
26, 1934, Mar Average, 106.816666, -6.2
26.60000038147, 1934, Apr Average, 106.816666, -6.2
27.10000038147, 1934, May Average, 106.816666, -6.2
26.300001144409, 1934, Jun Average, 106.816666, -6.2
26.10000038147, 1934, Jul Average, 106.816666, -6.2
26.300001144409, 1934, Aug Average, 106.816666, -6.2
26.300001144409, 1934, Sep Average, 106.816666, -6.2
27.200000762939, 1934, Oct Average, 106.816666, -6.2
27.89999961853, 1934, Nov Average, 106.816666, -6.2
26.39999961853, 1934, Dec Average, 106.816666, -6.2
26.300001144409, 1935, Jan Average, 106.816666, -6.2
26.800001144409, 1935, Feb Average, 106.816666, -6.2
26.800001144409, 1935, Mar Average, 106.816666, -6.2
26.60000038147, 1935, Apr Average, 106.816666, -6.2
27.39999961853, 1935, May Average, 106.816666, -6.2
26.10000038147, 1935, Jun Average, 106.816666, -6.2
25.800001144409, 1935, Jul Average, 106.816666, -6.2
26.300001144409, 1935, Aug Average, 106.816666, -6.2
26.700000762939, 1935, Sep Average, 106.816666, -6.2
27, 1935, Oct Average, 106.816666, -6.2
28.200000762939, 1935, Nov Average, 106.816666, -6.2
27, 1935, Dec Average, 106.816666, -6.2
26.300001144409, 1936, Jan Average, 106.816666, -6.2
26.800001144409, 1936, Feb Average, 106.816666, -6.2
26.89999961853, 1936, Mar Average, 106.816666, -6.2
26.60000038147, 1936, Apr Average, 106.816666, -6.2
27.700000762939, 1936, May Average, 106.816666, -6.2
26.200000762939, 1936, Jun Average, 106.816666, -6.2
26.200000762939, 1936, Jul Average, 106.816666, -6.2
26.5, 1936, Aug Average, 106.816666, -6.2
26.800001144409, 1936, Sep Average, 106.816666, -6.2
27, 1936, Oct Average, 106.816666, -6.2
27.89999961853, 1936, Nov Average, 106.816666, -6.2
26.89999961853, 1936, Dec Average, 106.816666, -6.2
26.300001144409, 1937, Jan Average, 106.816666, -6.2
26.89999961853, 1937, Feb Average, 106.816666, -6.2
27.200000762939, 1937, Mar Average, 106.816666, -6.2
26.700000762939, 1937, Apr Average, 106.816666, -6.2
27, 1937, May Average, 106.816666, -6.2
26.300001144409, 1937, Jun Average, 106.816666, -6.2
26.200000762939, 1937, Jul Average, 106.816666, -6.2
26.800001144409, 1937, Aug Average, 106.816666, -6.2
26.700000762939, 1937, Sep Average, 106.816666, -6.2
27, 1937, Oct Average, 106.816666, -6.2
28.10000038147, 1937, Nov Average, 106.816666, -6.2
26.5, 1937, Dec Average, 106.816666, -6.2
26.5, 1938, Jan Average, 106.816666, -6.2
26.60000038147, 1938, Feb Average, 106.816666, -6.2
27, 1938, Mar Average, 106.816666, -6.2
27.10000038147, 1938, Apr Average, 106.816666, -6.2
27.39999961853, 1938, May Average, 106.816666, -6.2
26.200000762939, 1938, Jun Average, 106.816666, -6.2
26, 1938, Jul Average, 106.816666, -6.2
26.10000038147, 1938, Aug Average, 106.816666, -6.2
26.800001144409, 1938, Sep Average, 106.816666, -6.2
27.300001144409, 1938, Oct Average, 106.816666, -6.2
28.10000038147, 1938, Nov Average, 106.816666, -6.2
26.60000038147, 1938, Dec Average, 106.816666, -6.2
26.60000038147, 1939, Jan Average, 106.816666, -6.2
26.10000038147, 1939, Feb Average, 106.816666, -6.2
26.700000762939, 1939, Mar Average, 106.816666, -6.2
26.89999961853, 1939, Apr Average, 106.816666, -6.2
27, 1939, May Average, 106.816666, -6.2
26.10000038147, 1939, Jun Average, 106.816666, -6.2
26.10000038147, 1939, Jul Average, 106.816666, -6.2
26.5, 1939, Aug Average, 106.816666, -6.2
26.60000038147, 1939, Sep Average, 106.816666, -6.2
26.89999961853, 1939, Oct Average, 106.816666, -6.2
28.10000038147, 1939, Nov Average, 106.816666, -6.2
26.800001144409, 1939, Dec Average, 106.816666, -6.2
26, 1940, Jan Average, 106.816666, -6.2
26.300001144409, 1940, Feb Average, 106.816666, -6.2
27, 1940, Mar Average, 106.816666, -6.2
27.10000038147, 1940, Apr Average, 106.816666, -6.2
26, 1940, May Average, 106.816666, -6.2
26.60000038147, 1940, Jun Average, 106.816666, -6.2
26.39999961853, 1940, Jul Average, 106.816666, -6.2
26.39999961853, 1940, Aug Average, 106.816666, -6.2
27, 1940, Sep Average, 106.816666, -6.2
28, 1940, Oct Average, 106.816666, -6.2
28.5, 1940, Nov Average, 106.816666, -6.2
27.10000038147, 1940, Dec Average, 106.816666, -6.2
27.10000038147, 1941, Jan Average, 106.816666, -6.2
27.200000762939, 1941, Feb Average, 106.816666, -6.2
27.5, 1941, Mar Average, 106.816666, -6.2
27.800001144409, 1941, Apr Average, 106.816666, -6.2
28, 1941, May Average, 106.816666, -6.2
27.10000038147, 1941, Jun Average, 106.816666, -6.2
26.700000762939, 1941, Jul Average, 106.816666, -6.2
26.800001144409, 1941, Aug Average, 106.816666, -6.2
26.89999961853, 1941, Sep Average, 106.816666, -6.2
27.39999961853, 1941, Oct Average, 106.816666, -6.2
28.39999961853, 1941, Nov Average, 106.816666, -6.2
27.10000038147, 1941, Dec Average, 106.816666, -6.2
26.800001144409, 1942, Jan Average, 106.816666, -6.2
26.89999961853, 1942, Feb Average, 106.816666, -6.2
27.39999961853, 1942, Mar Average, 106.816666, -6.2
27.200000762939, 1942, Apr Average, 106.816666, -6.2
27.700000762939, 1942, May Average, 106.816666, -6.2
26.89999961853, 1942, Jun Average, 106.816666, -6.2
26.39999961853, 1942, Jul Average, 106.816666, -6.2
26.700000762939, 1942, Aug Average, 106.816666, -6.2
27, 1942, Sep Average, 106.816666, -6.2
27.200000762939, 1942, Oct Average, 106.816666, -6.2
27.5, 1942, Nov Average, 106.816666, -6.2
27.10000038147, 1942, Dec Average, 106.816666, -6.2
26, 1943, Jan Average, 106.816666, -6.2
26.10000038147, 1943, Feb Average, 106.816666, -6.2
26.300001144409, 1943, Mar Average, 106.816666, -6.2
26.60000038147, 1943, Apr Average, 106.816666, -6.2
27.5, 1943, May Average, 106.816666, -6.2
26, 1943, Jun Average, 106.816666, -6.2
25.700000762939, 1943, Jul Average, 106.816666, -6.2
26.10000038147, 1943, Aug Average, 106.816666, -6.2
26.700000762939, 1943, Sep Average, 106.816666, -6.2
26.700000762939, 1943, Oct Average, 106.816666, -6.2
27.5, 1943, Nov Average, 106.816666, -6.2
26.700000762939, 1943, Dec Average, 106.816666, -6.2
26.300001144409, 1944, Jan Average, 106.816666, -6.2
26.39999961853, 1944, Feb Average, 106.816666, -6.2
26.60000038147, 1944, Mar Average, 106.816666, -6.2
27.10000038147, 1944, Apr Average, 106.816666, -6.2
26.5, 1944, May Average, 106.816666, -6.2
26.700000762939, 1944, Jun Average, 106.816666, -6.2
26.39999961853, 1944, Jul Average, 106.816666, -6.2
26.800001144409, 1944, Aug Average, 106.816666, -6.2
26.89999961853, 1944, Sep Average, 106.816666, -6.2
27.5, 1944, Oct Average, 106.816666, -6.2
27.5, 1944, Nov Average, 106.816666, -6.2
27, 1944, Dec Average, 106.816666, -6.2
26.800001144409, 1945, Jan Average, 106.816666, -6.2
26.700000762939, 1945, Feb Average, 106.816666, -6.2
26.800001144409, 1945, Mar Average, 106.816666, -6.2
27, 1945, Apr Average, 106.816666, -6.2
27.10000038147, 1945, May Average, 106.816666, -6.2
26.700000762939, 1945, Jun Average, 106.816666, -6.2
26.39999961853, 1945, Jul Average, 106.816666, -6.2
26.800001144409, 1945, Aug Average, 106.816666, -6.2
26.700000762939, 1945, Sep Average, 106.816666, -6.2
26.89999961853, 1945, Oct Average, 106.816666, -6.2
27.5, 1945, Nov Average, 106.816666, -6.2
27.10000038147, 1945, Dec Average, 106.816666, -6.2
27.800001144409, 1946, Jan Average, 106.816666, -6.2
27.10000038147, 1946, Feb Average, 106.816666, -6.2
27.10000038147, 1946, Mar Average, 106.816666, -6.2
27.39999961853, 1946, Apr Average, 106.816666, -6.2
26.39999961853, 1946, May Average, 106.816666, -6.2
26.89999961853, 1946, Jun Average, 106.816666, -6.2
26.700000762939, 1946, Jul Average, 106.816666, -6.2
27.200000762939, 1946, Aug Average, 106.816666, -6.2
26.800001144409, 1946, Sep Average, 106.816666, -6.2
27.60000038147, 1946, Oct Average, 106.816666, -6.2
27.5, 1946, Nov Average, 106.816666, -6.2
27.39999961853, 1946, Dec Average, 106.816666, -6.2
27.700000762939, 1947, Jan Average, 106.816666, -6.2
27.200000762939, 1947, Feb Average, 106.816666, -6.2
27.200000762939, 1947, Mar Average, 106.816666, -6.2
27.200000762939, 1947, Apr Average, 106.816666, -6.2
27.700000762939, 1947, May Average, 106.816666, -6.2
26.89999961853, 1947, Jun Average, 106.816666, -6.2
26.39999961853, 1947, Jul Average, 106.816666, -6.2
26.800001144409, 1947, Aug Average, 106.816666, -6.2
26.89999961853, 1947, Sep Average, 106.816666, -6.2
27.300001144409, 1947, Oct Average, 106.816666, -6.2
27.5, 1947, Nov Average, 106.816666, -6.2
27.800001144409, 1947, Dec Average, 106.816666, -6.2
24.89999961853, 1948, Jan Average, 106.816666, -6.2
27.10000038147, 1948, Feb Average, 106.816666, -6.2
27.60000038147, 1948, Mar Average, 106.816666, -6.2
27.5, 1948, Apr Average, 106.816666, -6.2
28.10000038147, 1948, May Average, 106.816666, -6.2
26.89999961853, 1948, Jun Average, 106.816666, -6.2
26.60000038147, 1948, Jul Average, 106.816666, -6.2
26.700000762939, 1948, Aug Average, 106.816666, -6.2
27, 1948, Sep Average, 106.816666, -6.2
28, 1948, Oct Average, 106.816666, -6.2
28, 1948, Nov Average, 106.816666, -6.2
27.300001144409, 1948, Dec Average, 106.816666, -6.2
26.5, 1949, Jan Average, 106.816666, -6.2
26.60000038147, 1949, Feb Average, 106.816666, -6.2
26.89999961853, 1949, Mar Average, 106.816666, -6.2
27.10000038147, 1949, Apr Average, 106.816666, -6.2
27, 1949, May Average, 106.816666, -6.2
26.89999961853, 1949, Jun Average, 106.816666, -6.2
26, 1949, Jul Average, 106.816666, -6.2
26.60000038147, 1949, Aug Average, 106.816666, -6.2
26.60000038147, 1949, Sep Average, 106.816666, -6.2
27.39999961853, 1949, Oct Average, 106.816666, -6.2
28, 1949, Nov Average, 106.816666, -6.2
27.10000038147, 1949, Dec Average, 106.816666, -6.2
27, 1950, Jan Average, 106.816666, -6.2
26.39999961853, 1950, Feb Average, 106.816666, -6.2
27.10000038147, 1950, Mar Average, 106.816666, -6.2
27, 1950, Apr Average, 106.816666, -6.2
27.300001144409, 1950, May Average, 106.816666, -6.2
26.5, 1950, Jun Average, 106.816666, -6.2
26, 1950, Jul Average, 106.816666, -6.2
26.39999961853, 1950, Aug Average, 106.816666, -6.2
26.5, 1950, Sep Average, 106.816666, -6.2
26.60000038147, 1950, Oct Average, 106.816666, -6.2
26.39999961853, 1950, Nov Average, 106.816666, -6.2
26.60000038147, 1950, Dec Average, 106.816666, -6.2
26.10000038147, 1951, Jan Average, 106.816666, -6.2
25.89999961853, 1951, Feb Average, 106.816666, -6.2
27.300001144409, 1951, Mar Average, 106.816666, -6.2
27.300001144409, 1951, Apr Average, 106.816666, -6.2
26.800001144409, 1951, May Average, 106.816666, -6.2
26.700000762939, 1951, Jun Average, 106.816666, -6.2
26, 1951, Jul Average, 106.816666, -6.2
26.300001144409, 1951, Aug Average, 106.816666, -6.2
27, 1951, Sep Average, 106.816666, -6.2
27.39999961853, 1951, Oct Average, 106.816666, -6.2
28.300001144409, 1951, Nov Average, 106.816666, -6.2
26.89999961853, 1951, Dec Average, 106.816666, -6.2
27, 1952, Jan Average, 106.816666, -6.2
27.10000038147, 1952, Feb Average, 106.816666, -6.2
26.700000762939, 1952, Mar Average, 106.816666, -6.2
27.39999961853, 1952, Apr Average, 106.816666, -6.2
27, 1952, May Average, 106.816666, -6.2
26.800001144409, 1952, Jun Average, 106.816666, -6.2
26.300001144409, 1952, Jul Average, 106.816666, -6.2
26.60000038147, 1952, Aug Average, 106.816666, -6.2
26.700000762939, 1952, Sep Average, 106.816666, -6.2
26.89999961853, 1952, Oct Average, 106.816666, -6.2
26.10000038147, 1952, Nov Average, 106.816666, -6.2
26.700000762939, 1952, Dec Average, 106.816666, -6.2
27, 1953, Jan Average, 106.816666, -6.2
26.700000762939, 1953, Feb Average, 106.816666, -6.2
26.89999961853, 1953, Mar Average, 106.816666, -6.2
27.200000762939, 1953, Apr Average, 106.816666, -6.2
26.800001144409, 1953, May Average, 106.816666, -6.2
26.800001144409, 1953, Jun Average, 106.816666, -6.2
26.200000762939, 1953, Jul Average, 106.816666, -6.2
26.60000038147, 1953, Aug Average, 106.816666, -6.2
27.10000038147, 1953, Sep Average, 106.816666, -6.2
28.10000038147, 1953, Oct Average, 106.816666, -6.2
27.10000038147, 1953, Nov Average, 106.816666, -6.2
27.5, 1953, Dec Average, 106.816666, -6.2
27, 1954, Jan Average, 106.816666, -6.2
26.60000038147, 1954, Feb Average, 106.816666, -6.2
27.5, 1954, Mar Average, 106.816666, -6.2
27.300001144409, 1954, Apr Average, 106.816666, -6.2
27.60000038147, 1954, May Average, 106.816666, -6.2
26.39999961853, 1954, Jun Average, 106.816666, -6.2
26.200000762939, 1954, Jul Average, 106.816666, -6.2
26.39999961853, 1954, Aug Average, 106.816666, -6.2
26.5, 1954, Sep Average, 106.816666, -6.2
26.700000762939, 1954, Oct Average, 106.816666, -6.2
25.700000762939, 1954, Nov Average, 106.816666, -6.2
26.700000762939, 1954, Dec Average, 106.816666, -6.2
26.700000762939, 1955, Jan Average, 106.816666, -6.2
26.5, 1955, Feb Average, 106.816666, -6.2
26.700000762939, 1955, Mar Average, 106.816666, -6.2
27, 1955, Apr Average, 106.816666, -6.2
27.5, 1955, May Average, 106.816666, -6.2
26.5, 1955, Jun Average, 106.816666, -6.2
25.5, 1955, Jul Average, 106.816666, -6.2
25.800001144409, 1955, Aug Average, 106.816666, -6.2
26.5, 1955, Sep Average, 106.816666, -6.2
27, 1955, Oct Average, 106.816666, -6.2
26.300001144409, 1955, Nov Average, 106.816666, -6.2
26.39999961853, 1955, Dec Average, 106.816666, -6.2
25.89999961853, 1956, Jan Average, 106.816666, -6.2
26.700000762939, 1956, Feb Average, 106.816666, -6.2
27, 1956, Mar Average, 106.816666, -6.2
27.200000762939, 1956, Apr Average, 106.816666, -6.2
27.10000038147, 1956, May Average, 106.816666, -6.2
26, 1956, Jun Average, 106.816666, -6.2
26, 1956, Jul Average, 106.816666, -6.2
26.200000762939, 1956, Aug Average, 106.816666, -6.2
26.5, 1956, Sep Average, 106.816666, -6.2
27, 1956, Oct Average, 106.816666, -6.2
26.800001144409, 1956, Nov Average, 106.816666, -6.2
26.60000038147, 1956, Dec Average, 106.816666, -6.2
26.700000762939, 1957, Jan Average, 106.816666, -6.2
26.39999961853, 1957, Feb Average, 106.816666, -6.2
26.800001144409, 1957, Mar Average, 106.816666, -6.2
27.60000038147, 1957, Apr Average, 106.816666, -6.2
27.39999961853, 1957, May Average, 106.816666, -6.2
26.800001144409, 1957, Jun Average, 106.816666, -6.2
26.10000038147, 1957, Jul Average, 106.816666, -6.2
26.39999961853, 1957, Aug Average, 106.816666, -6.2
27, 1957, Sep Average, 106.816666, -6.2
27.800001144409, 1957, Oct Average, 106.816666, -6.2
27.800001144409, 1957, Nov Average, 106.816666, -6.2
27, 1957, Dec Average, 106.816666, -6.2
27.200000762939, 1958, Jan Average, 106.816666, -6.2
26.800001144409, 1958, Feb Average, 106.816666, -6.2
27.200000762939, 1958, Mar Average, 106.816666, -6.2
27.60000038147, 1958, Apr Average, 106.816666, -6.2
28, 1958, May Average, 106.816666, -6.2
27, 1958, Jun Average, 106.816666, -6.2
26.300001144409, 1958, Jul Average, 106.816666, -6.2
26.300001144409, 1958, Aug Average, 106.816666, -6.2
27, 1958, Sep Average, 106.816666, -6.2
27.39999961853, 1958, Oct Average, 106.816666, -6.2
25.89999961853, 1958, Nov Average, 106.816666, -6.2
26.300001144409, 1958, Dec Average, 106.816666, -6.2
26.60000038147, 1959, Jan Average, 106.816666, -6.2
27.10000038147, 1959, Feb Average, 106.816666, -6.2
26.800001144409, 1959, Mar Average, 106.816666, -6.2
27.10000038147, 1959, Apr Average, 106.816666, -6.2
28, 1959, May Average, 106.816666, -6.2
26.60000038147, 1959, Jun Average, 106.816666, -6.2
25.89999961853, 1959, Jul Average, 106.816666, -6.2
26.200000762939, 1959, Aug Average, 106.816666, -6.2
27, 1959, Sep Average, 106.816666, -6.2
27.800001144409, 1959, Oct Average, 106.816666, -6.2
27.800001144409, 1959, Nov Average, 106.816666, -6.2
26.800001144409, 1959, Dec Average, 106.816666, -6.2
26.10000038147, 1960, Jan Average, 106.816666, -6.2
26.200000762939, 1960, Feb Average, 106.816666, -6.2
26.89999961853, 1960, Mar Average, 106.816666, -6.2
26.89999961853, 1960, Apr Average, 106.816666, -6.2
27.10000038147, 1960, May Average, 106.816666, -6.2
26.800001144409, 1960, Jun Average, 106.816666, -6.2
26.60000038147, 1960, Jul Average, 106.816666, -6.2
27, 1960, Aug Average, 106.816666, -6.2
27.10000038147, 1960, Sep Average, 106.816666, -6.2
27.60000038147, 1960, Oct Average, 106.816666, -6.2
26.800001144409, 1960, Nov Average, 106.816666, -6.2
27.200000762939, 1960, Dec Average, 106.816666, -6.2
26.300001144409, 1961, Jan Average, 106.816666, -6.2
26.60000038147, 1961, Feb Average, 106.816666, -6.2
27.300001144409, 1961, Mar Average, 106.816666, -6.2
27.200000762939, 1961, Apr Average, 106.816666, -6.2
27.300001144409, 1961, May Average, 106.816666, -6.2
26.39999961853, 1961, Jun Average, 106.816666, -6.2
26, 1961, Jul Average, 106.816666, -6.2
26.200000762939, 1961, Aug Average, 106.816666, -6.2
26.60000038147, 1961, Sep Average, 106.816666, -6.2
27.10000038147, 1961, Oct Average, 106.816666, -6.2
27.300001144409, 1961, Nov Average, 106.816666, -6.2
27.10000038147, 1961, Dec Average, 106.816666, -6.2
26.300001144409, 1962, Jan Average, 106.816666, -6.2
26.300001144409, 1962, Feb Average, 106.816666, -6.2
26.700000762939, 1962, Mar Average, 106.816666, -6.2
27, 1962, Apr Average, 106.816666, -6.2
27.10000038147, 1962, May Average, 106.816666, -6.2
26.39999961853, 1962, Jun Average, 106.816666, -6.2
26.39999961853, 1962, Jul Average, 106.816666, -6.2
26.200000762939, 1962, Aug Average, 106.816666, -6.2
26.700000762939, 1962, Sep Average, 106.816666, -6.2
27.300001144409, 1962, Oct Average, 106.816666, -6.2
27.39999961853, 1962, Nov Average, 106.816666, -6.2
26.60000038147, 1962, Dec Average, 106.816666, -6.2
25.800001144409, 1963, Jan Average, 106.816666, -6.2
25.89999961853, 1963, Feb Average, 106.816666, -6.2
26.39999961853, 1963, Mar Average, 106.816666, -6.2
27.39999961853, 1963, Apr Average, 106.816666, -6.2
27.300001144409, 1963, May Average, 106.816666, -6.2
26.89999961853, 1963, Jun Average, 106.816666, -6.2
26.10000038147, 1963, Jul Average, 106.816666, -6.2
26, 1963, Aug Average, 106.816666, -6.2
26.60000038147, 1963, Sep Average, 106.816666, -6.2
27.89999961853, 1963, Oct Average, 106.816666, -6.2
27.89999961853, 1963, Nov Average, 106.816666, -6.2
27.300001144409, 1963, Dec Average, 106.816666, -6.2
27.5, 1964, Jan Average, 106.816666, -6.2
27.39999961853, 1964, Feb Average, 106.816666, -6.2
26.89999961853, 1964, Mar Average, 106.816666, -6.2
27.10000038147, 1964, Apr Average, 106.816666, -6.2
27.60000038147, 1964, May Average, 106.816666, -6.2
26.5, 1964, Jun Average, 106.816666, -6.2
26.39999961853, 1964, Jul Average, 106.816666, -6.2
26.5, 1964, Aug Average, 106.816666, -6.2
26.800001144409, 1964, Sep Average, 106.816666, -6.2
26.39999961853, 1964, Oct Average, 106.816666, -6.2
26.89999961853, 1964, Nov Average, 106.816666, -6.2
26.60000038147, 1964, Dec Average, 106.816666, -6.2
25.60000038147, 1965, Jan Average, 106.816666, -6.2
26.60000038147, 1965, Feb Average, 106.816666, -6.2
26.5, 1965, Mar Average, 106.816666, -6.2
27, 1965, Apr Average, 106.816666, -6.2
27.10000038147, 1965, May Average, 106.816666, -6.2
26.700000762939, 1965, Jun Average, 106.816666, -6.2
26.10000038147, 1965, Jul Average, 106.816666, -6.2
26.5, 1965, Aug Average, 106.816666, -6.2
26.89999961853, 1965, Sep Average, 106.816666, -6.2
26.60000038147, 1965, Oct Average, 106.816666, -6.2
28.200000762939, 1965, Nov Average, 106.816666, -6.2
27.300001144409, 1965, Dec Average, 106.816666, -6.2
27, 1966, Jan Average, 106.816666, -6.2
26.89999961853, 1966, Feb Average, 106.816666, -6.2
27.10000038147, 1966, Mar Average, 106.816666, -6.2
27.700000762939, 1966, Apr Average, 106.816666, -6.2
27.800001144409, 1966, May Average, 106.816666, -6.2
26.5, 1966, Jun Average, 106.816666, -6.2
25.89999961853, 1966, Jul Average, 106.816666, -6.2
26.89999961853, 1966, Aug Average, 106.816666, -6.2
27.5, 1966, Sep Average, 106.816666, -6.2
27.300001144409, 1966, Oct Average, 106.816666, -6.2
27.800001144409, 1966, Nov Average, 106.816666, -6.2
26.700000762939, 1966, Dec Average, 106.816666, -6.2
27.5, 1967, Jan Average, 106.816666, -6.2
26.39999961853, 1967, Feb Average, 106.816666, -6.2
26.89999961853, 1967, Mar Average, 106.816666, -6.2
26.5, 1967, Apr Average, 106.816666, -6.2
27.200000762939, 1967, May Average, 106.816666, -6.2
26.700000762939, 1967, Jun Average, 106.816666, -6.2
25.700000762939, 1967, Jul Average, 106.816666, -6.2
26.89999961853, 1967, Aug Average, 106.816666, -6.2
27.10000038147, 1967, Sep Average, 106.816666, -6.2
28, 1967, Oct Average, 106.816666, -6.2
27.800001144409, 1967, Nov Average, 106.816666, -6.2
26.60000038147, 1967, Dec Average, 106.816666, -6.2
26.300001144409, 1968, Jan Average, 106.816666, -6.2
25.60000038147, 1968, Feb Average, 106.816666, -6.2
27, 1968, Mar Average, 106.816666, -6.2
27.300001144409, 1968, Apr Average, 106.816666, -6.2
27.39999961853, 1968, May Average, 106.816666, -6.2
26.60000038147, 1968, Jun Average, 106.816666, -6.2
26.200000762939, 1968, Jul Average, 106.816666, -6.2
25.800001144409, 1968, Aug Average, 106.816666, -6.2
27.200000762939, 1968, Sep Average, 106.816666, -6.2
27.800001144409, 1968, Oct Average, 106.816666, -6.2
27.800001144409, 1968, Nov Average, 106.816666, -6.2
26.800001144409, 1968, Dec Average, 106.816666, -6.2
26.800001144409, 1969, Jan Average, 106.816666, -6.2
27.200000762939, 1969, Feb Average, 106.816666, -6.2
27.700000762939, 1969, Mar Average, 106.816666, -6.2
27.700000762939, 1969, Apr Average, 106.816666, -6.2
27.800001144409, 1969, May Average, 106.816666, -6.2
27, 1969, Jun Average, 106.816666, -6.2
26.800001144409, 1969, Jul Average, 106.816666, -6.2
26.89999961853, 1969, Aug Average, 106.816666, -6.2
26.89999961853, 1969, Sep Average, 106.816666, -6.2
27.700000762939, 1969, Oct Average, 106.816666, -6.2
28.10000038147, 1969, Nov Average, 106.816666, -6.2
27.200000762939, 1969, Dec Average, 106.816666, -6.2
27, 1970, Jan Average, 106.816666, -6.2
27, 1970, Feb Average, 106.816666, -6.2
27.5, 1970, Mar Average, 106.816666, -6.2
27.39999961853, 1970, Apr Average, 106.816666, -6.2
27.60000038147, 1970, May Average, 106.816666, -6.2
26.89999961853, 1970, Jun Average, 106.816666, -6.2
26.800001144409, 1970, Jul Average, 106.816666, -6.2
26.800001144409, 1970, Aug Average, 106.816666, -6.2
27.10000038147, 1970, Sep Average, 106.816666, -6.2
27.60000038147, 1970, Oct Average, 106.816666, -6.2
27.5, 1970, Nov Average, 106.816666, -6.2
26.700000762939, 1970, Dec Average, 106.816666, -6.2
26.89999961853, 1971, Jan Average, 106.816666, -6.2
26.60000038147, 1971, Feb Average, 106.816666, -6.2
27.200000762939, 1971, Mar Average, 106.816666, -6.2
27.800001144409, 1971, Apr Average, 106.816666, -6.2
27.5, 1971, May Average, 106.816666, -6.2
26.89999961853, 1971, Jun Average, 106.816666, -6.2
26.700000762939, 1971, Jul Average, 106.816666, -6.2
27.200000762939, 1971, Aug Average, 106.816666, -6.2
27.800001144409, 1971, Sep Average, 106.816666, -6.2
27.39999961853, 1971, Oct Average, 106.816666, -6.2
26.5, 1971, Nov Average, 106.816666, -6.2
27.39999961853, 1971, Dec Average, 106.816666, -6.2
26.200000762939, 1972, Jan Average, 106.816666, -6.2
27.300001144409, 1972, Feb Average, 106.816666, -6.2
26.89999961853, 1972, Mar Average, 106.816666, -6.2
27.700000762939, 1972, Apr Average, 106.816666, -6.2
27.39999961853, 1972, May Average, 106.816666, -6.2
27.39999961853, 1972, Jun Average, 106.816666, -6.2
26.700000762939, 1972, Jul Average, 106.816666, -6.2
27.5, 1972, Aug Average, 106.816666, -6.2
27.60000038147, 1972, Sep Average, 106.816666, -6.2
28.700000762939, 1972, Oct Average, 106.816666, -6.2
28.300001144409, 1972, Nov Average, 106.816666, -6.2
28.5, 1972, Dec Average, 106.816666, -6.2
27.700000762939, 1973, Jan Average, 106.816666, -6.2
27.800001144409, 1973, Feb Average, 106.816666, -6.2
27.700000762939, 1973, Mar Average, 106.816666, -6.2
28.39999961853, 1973, Apr Average, 106.816666, -6.2
27.5, 1973, May Average, 106.816666, -6.2
27.60000038147, 1973, Jun Average, 106.816666, -6.2
27.39999961853, 1973, Jul Average, 106.816666, -6.2
27.5, 1973, Aug Average, 106.816666, -6.2
27.300001144409, 1973, Sep Average, 106.816666, -6.2
28, 1973, Oct Average, 106.816666, -6.2
27.200000762939, 1973, Nov Average, 106.816666, -6.2
27.300001144409, 1973, Dec Average, 106.816666, -6.2
26, 1974, Jan Average, 106.816666, -6.2
26.60000038147, 1974, Feb Average, 106.816666, -6.2
26.89999961853, 1974, Mar Average, 106.816666, -6.2
27.700000762939, 1974, Apr Average, 106.816666, -6.2
27.200000762939, 1974, May Average, 106.816666, -6.2
26.60000038147, 1974, Jun Average, 106.816666, -6.2
26.39999961853, 1974, Jul Average, 106.816666, -6.2
26.60000038147, 1974, Aug Average, 106.816666, -6.2
27.39999961853, 1974, Sep Average, 106.816666, -6.2
28, 1974, Oct Average, 106.816666, -6.2
27.200000762939, 1974, Nov Average, 106.816666, -6.2
27.60000038147, 1974, Dec Average, 106.816666, -6.2
27.60000038147, 1975, Jan Average, 106.816666, -6.2
27, 1975, Feb Average, 106.816666, -6.2
27.5, 1975, Mar Average, 106.816666, -6.2
28, 1975, Apr Average, 106.816666, -6.2
27.200000762939, 1975, May Average, 106.816666, -6.2
27.10000038147, 1975, Jun Average, 106.816666, -6.2
27, 1975, Jul Average, 106.816666, -6.2
27.39999961853, 1975, Aug Average, 106.816666, -6.2
27.200000762939, 1975, Sep Average, 106.816666, -6.2
27.39999961853, 1975, Oct Average, 106.816666, -6.2
26.89999961853, 1975, Nov Average, 106.816666, -6.2
27.39999961853, 1975, Dec Average, 106.816666, -6.2
25.60000038147, 1976, Jan Average, 106.816666, -6.2
26.200000762939, 1976, Feb Average, 106.816666, -6.2
26.700000762939, 1976, Mar Average, 106.816666, -6.2
27.200000762939, 1976, Apr Average, 106.816666, -6.2
27.39999961853, 1976, May Average, 106.816666, -6.2
26.700000762939, 1976, Jun Average, 106.816666, -6.2
26.300001144409, 1976, Jul Average, 106.816666, -6.2
26.89999961853, 1976, Aug Average, 106.816666, -6.2
27, 1976, Sep Average, 106.816666, -6.2
27.39999961853, 1976, Oct Average, 106.816666, -6.2
27.200000762939, 1976, Nov Average, 106.816666, -6.2
27.5, 1976, Dec Average, 106.816666, -6.2
26.60000038147, 1977, Jan Average, 106.816666, -6.2
26.200000762939, 1977, Feb Average, 106.816666, -6.2
26.800001144409, 1977, Mar Average, 106.816666, -6.2
27.5, 1977, Apr Average, 106.816666, -6.2
27.5, 1977, May Average, 106.816666, -6.2
26.5, 1977, Jun Average, 106.816666, -6.2
26.700000762939, 1977, Jul Average, 106.816666, -6.2
26.800001144409, 1977, Aug Average, 106.816666, -6.2
27, 1977, Sep Average, 106.816666, -6.2
28.300001144409, 1977, Oct Average, 106.816666, -6.2
27.60000038147, 1977, Nov Average, 106.816666, -6.2
27.200000762939, 1977, Dec Average, 106.816666, -6.2
26.89999961853, 1978, Jan Average, 106.816666, -6.2
27.10000038147, 1978, Feb Average, 106.816666, -6.2
27.300001144409, 1978, Mar Average, 106.816666, -6.2
27.60000038147, 1978, Apr Average, 106.816666, -6.2
27.5, 1978, May Average, 106.816666, -6.2
26.700000762939, 1978, Jun Average, 106.816666, -6.2
26.5, 1978, Jul Average, 106.816666, -6.2
26.800001144409, 1978, Aug Average, 106.816666, -6.2
26.800001144409, 1978, Sep Average, 106.816666, -6.2
27.200000762939, 1978, Oct Average, 106.816666, -6.2
27.10000038147, 1978, Nov Average, 106.816666, -6.2
26.800001144409, 1978, Dec Average, 106.816666, -6.2
26.800001144409, 1979, Jan Average, 106.816666, -6.2
27.200000762939, 1979, Feb Average, 106.816666, -6.2
27.39999961853, 1979, Mar Average, 106.816666, -6.2
27.60000038147, 1979, Apr Average, 106.816666, -6.2
27.700000762939, 1979, May Average, 106.816666, -6.2
26.89999961853, 1979, Jun Average, 106.816666, -6.2
26.700000762939, 1979, Jul Average, 106.816666, -6.2
26.89999961853, 1979, Aug Average, 106.816666, -6.2
27.10000038147, 1979, Sep Average, 106.816666, -6.2
27.700000762939, 1979, Oct Average, 106.816666, -6.2
27.60000038147, 1979, Nov Average, 106.816666, -6.2
26.300001144409, 1979, Dec Average, 106.816666, -6.2
26.60000038147, 1980, Jan Average, 106.816666, -6.2
26.800001144409, 1980, Feb Average, 106.816666, -6.2
27.200000762939, 1980, Mar Average, 106.816666, -6.2
27.700000762939, 1980, Apr Average, 106.816666, -6.2
27.800001144409, 1980, May Average, 106.816666, -6.2
27.5, 1980, Jun Average, 106.816666, -6.2
27.300001144409, 1980, Jul Average, 106.816666, -6.2
26.5, 1980, Aug Average, 106.816666, -6.2
26.89999961853, 1980, Sep Average, 106.816666, -6.2
27.5, 1980, Oct Average, 106.816666, -6.2
27.60000038147, 1980, Nov Average, 106.816666, -6.2
26.800001144409, 1980, Dec Average, 106.816666, -6.2
25.89999961853, 1981, Jan Average, 106.816666, -6.2
26.800001144409, 1981, Feb Average, 106.816666, -6.2
27.39999961853, 1981, Mar Average, 106.816666, -6.2
27.5, 1981, Apr Average, 106.816666, -6.2
27.89999961853, 1981, May Average, 106.816666, -6.2
27.39999961853, 1981, Jun Average, 106.816666, -6.2
27.39999961853, 1981, Jul Average, 106.816666, -6.2
28, 1981, Aug Average, 106.816666, -6.2
27.10000038147, 1981, Sep Average, 106.816666, -6.2
27.89999961853, 1981, Oct Average, 106.816666, -6.2
27.89999961853, 1981, Nov Average, 106.816666, -6.2
27.10000038147, 1981, Dec Average, 106.816666, -6.2
26.300001144409, 1982, Jan Average, 106.816666, -6.2
27, 1982, Feb Average, 106.816666, -6.2
26.89999961853, 1982, Mar Average, 106.816666, -6.2
27.300001144409, 1982, Apr Average, 106.816666, -6.2
27.39999961853, 1982, May Average, 106.816666, -6.2
27, 1982, Jun Average, 106.816666, -6.2
26.60000038147, 1982, Jul Average, 106.816666, -6.2
26.700000762939, 1982, Aug Average, 106.816666, -6.2
27, 1982, Sep Average, 106.816666, -6.2
27.89999961853, 1982, Oct Average, 106.816666, -6.2
28.300001144409, 1982, Nov Average, 106.816666, -6.2
27.5, 1982, Dec Average, 106.816666, -6.2
26.89999961853, 1983, Jan Average, 106.816666, -6.2
27.300001144409, 1983, Feb Average, 106.816666, -6.2
27.800001144409, 1983, Mar Average, 106.816666, -6.2
28, 1983, Apr Average, 106.816666, -6.2
27.700000762939, 1983, May Average, 106.816666, -6.2
27.60000038147, 1983, Jun Average, 106.816666, -6.2
26.89999961853, 1983, Jul Average, 106.816666, -6.2
27.200000762939, 1983, Aug Average, 106.816666, -6.2
27.5, 1983, Sep Average, 106.816666, -6.2
27.800001144409, 1983, Oct Average, 106.816666, -6.2
27.10000038147, 1983, Nov Average, 106.816666, -6.2
27.200000762939, 1983, Dec Average, 106.816666, -6.2
26.39999961853, 1984, Jan Average, 106.816666, -6.2
26.10000038147, 1984, Feb Average, 106.816666, -6.2
26.5, 1984, Mar Average, 106.816666, -6.2
27.10000038147, 1984, Apr Average, 106.816666, -6.2
27.200000762939, 1984, May Average, 106.816666, -6.2
27, 1984, Jun Average, 106.816666, -6.2
26.5, 1984, Jul Average, 106.816666, -6.2
26.700000762939, 1984, Aug Average, 106.816666, -6.2
26.700000762939, 1984, Sep Average, 106.816666, -6.2
27.200000762939, 1984, Oct Average, 106.816666, -6.2
26.60000038147, 1984, Nov Average, 106.816666, -6.2
26.60000038147, 1984, Dec Average, 106.816666, -6.2
26.800001144409, 1985, Jan Average, 106.816666, -6.2
27.10000038147, 1985, Feb Average, 106.816666, -6.2
27.10000038147, 1985, Mar Average, 106.816666, -6.2
27.10000038147, 1985, Apr Average, 106.816666, -6.2
27.700000762939, 1985, May Average, 106.816666, -6.2
27, 1985, Jun Average, 106.816666, -6.2
26.39999961853, 1985, Jul Average, 106.816666, -6.2
27.200000762939, 1985, Aug Average, 106.816666, -6.2
27.10000038147, 1985, Sep Average, 106.816666, -6.2
27.60000038147, 1985, Oct Average, 106.816666, -6.2
27.5, 1985, Nov Average, 106.816666, -6.2
27.200000762939, 1985, Dec Average, 106.816666, -6.2
26.200000762939, 1986, Jan Average, 106.816666, -6.2
26.700000762939, 1986, Feb Average, 106.816666, -6.2
26.89999961853, 1986, Mar Average, 106.816666, -6.2
27.300001144409, 1986, Apr Average, 106.816666, -6.2
27.700000762939, 1986, May Average, 106.816666, -6.2
27.39999961853, 1986, Jun Average, 106.816666, -6.2
27.200000762939, 1986, Jul Average, 106.816666, -6.2
27.10000038147, 1986, Aug Average, 106.816666, -6.2
27.5, 1986, Sep Average, 106.816666, -6.2
27.39999961853, 1986, Oct Average, 106.816666, -6.2
27.200000762939, 1986, Nov Average, 106.816666, -6.2
27.39999961853, 1986, Dec Average, 106.816666, -6.2
26.60000038147, 1987, Jan Average, 106.816666, -6.2
27, 1987, Feb Average, 106.816666, -6.2
27.60000038147, 1987, Mar Average, 106.816666, -6.2
28.200000762939, 1987, Apr Average, 106.816666, -6.2
28.300001144409, 1987, May Average, 106.816666, -6.2
28, 1987, Jun Average, 106.816666, -6.2
27.5, 1987, Jul Average, 106.816666, -6.2
27.39999961853, 1987, Aug Average, 106.816666, -6.2
27.5, 1987, Sep Average, 106.816666, -6.2
28.200000762939, 1987, Oct Average, 106.816666, -6.2
28, 1987, Nov Average, 106.816666, -6.2
27.5, 1987, Dec Average, 106.816666, -6.2
27.200000762939, 1988, Jan Average, 106.816666, -6.2
27.39999961853, 1988, Feb Average, 106.816666, -6.2
27.800001144409, 1988, Mar Average, 106.816666, -6.2
28, 1988, Apr Average, 106.816666, -6.2
28.10000038147, 1988, May Average, 106.816666, -6.2
27.300001144409, 1988, Jun Average, 106.816666, -6.2
26.700000762939, 1988, Jul Average, 106.816666, -6.2
27, 1988, Aug Average, 106.816666, -6.2
27.300001144409, 1988, Sep Average, 106.816666, -6.2
27.800001144409, 1988, Oct Average, 106.816666, -6.2
27.200000762939, 1988, Nov Average, 106.816666, -6.2
27.10000038147, 1988, Dec Average, 106.816666, -6.2
27.10000038147, 1989, Jan Average, 106.816666, -6.2
26.800001144409, 1989, Feb Average, 106.816666, -6.2
26.800001144409, 1989, Mar Average, 106.816666, -6.2
27.39999961853, 1989, Apr Average, 106.816666, -6.2
27.5, 1989, May Average, 106.816666, -6.2
26.89999961853, 1989, Jun Average, 106.816666, -6.2
27.39999961853, 1989, Jul Average, 106.816666, -6.2
27.39999961853, 1989, Aug Average, 106.816666, -6.2
27.39999961853, 1989, Sep Average, 106.816666, -6.2
27.800001144409, 1989, Oct Average, 106.816666, -6.2
27.800001144409, 1989, Nov Average, 106.816666, -6.2
27.10000038147, 1989, Dec Average, 106.816666, -6.2
26.39999961853, 1990, Jan Average, 106.816666, -6.2
27.39999961853, 1990, Feb Average, 106.816666, -6.2
27.700000762939, 1990, Mar Average, 106.816666, -6.2
28.300001144409, 1990, Apr Average, 106.816666, -6.2
28.10000038147, 1990, May Average, 106.816666, -6.2
27.5, 1990, Jun Average, 106.816666, -6.2
27, 1990, Jul Average, 106.816666, -6.2
27.60000038147, 1990, Aug Average, 106.816666, -6.2
27.60000038147, 1990, Sep Average, 106.816666, -6.2
28, 1990, Oct Average, 106.816666, -6.2
28.39999961853, 1990, Nov Average, 106.816666, -6.2
27.200000762939, 1990, Dec Average, 106.816666, -6.2
26.700000762939, 1991, Jan Average, 106.816666, -6.2
26.60000038147, 1991, Feb Average, 106.816666, -6.2
27.300001144409, 1991, Mar Average, 106.816666, -6.2
28.200000762939, 1991, Apr Average, 106.816666, -6.2
27.700000762939, 1991, May Average, 106.816666, -6.2
27.800001144409, 1991, Jun Average, 106.816666, -6.2
27.10000038147, 1991, Jul Average, 106.816666, -6.2
27.300001144409, 1991, Aug Average, 106.816666, -6.2
27.300001144409, 1991, Sep Average, 106.816666, -6.2
28.200000762939, 1991, Oct Average, 106.816666, -6.2
27.300001144409, 1991, Nov Average, 106.816666, -6.2
27.200000762939, 1991, Dec Average, 106.816666, -6.2
27.10000038147, 1992, Jan Average, 106.816666, -6.2
27.39999961853, 1992, Feb Average, 106.816666, -6.2
28, 1992, Mar Average, 106.816666, -6.2
27.89999961853, 1992, Apr Average, 106.816666, -6.2
28, 1992, May Average, 106.816666, -6.2
27.89999961853, 1992, Jun Average, 106.816666, -6.2
27.200000762939, 1992, Jul Average, 106.816666, -6.2
27.60000038147, 1992, Aug Average, 106.816666, -6.2
27.39999961853, 1992, Sep Average, 106.816666, -6.2
27.300001144409, 1992, Oct Average, 106.816666, -6.2
27.200000762939, 1992, Nov Average, 106.816666, -6.2
27.39999961853, 1992, Dec Average, 106.816666, -6.2
27, 1993, Jan Average, 106.816666, -6.2
27.300001144409, 1993, Feb Average, 106.816666, -6.2
27.700000762939, 1993, Mar Average, 106.816666, -6.2
27.60000038147, 1993, Apr Average, 106.816666, -6.2
27.800001144409, 1993, May Average, 106.816666, -6.2
27.700000762939, 1993, Jun Average, 106.816666, -6.2
27.39999961853, 1993, Jul Average, 106.816666, -6.2
27.60000038147, 1993, Aug Average, 106.816666, -6.2
27.60000038147, 1993, Sep Average, 106.816666, -6.2
28.10000038147, 1993, Oct Average, 106.816666, -6.2
28, 1993, Nov Average, 106.816666, -6.2
27.700000762939, 1993, Dec Average, 106.816666, -6.2
28.10000038147, 1994, Jan Average, 106.816666, -6.2
27.39999961853, 1994, Feb Average, 106.816666, -6.2
27.200000762939, 1994, Mar Average, 106.816666, -6.2
28, 1994, Apr Average, 106.816666, -6.2
27.800001144409, 1994, May Average, 106.816666, -6.2
27.60000038147, 1994, Jun Average, 106.816666, -6.2
26.700000762939, 1994, Jul Average, 106.816666, -6.2
27.300001144409, 1994, Aug Average, 106.816666, -6.2
27.300001144409, 1994, Sep Average, 106.816666, -6.2
28.200000762939, 1994, Oct Average, 106.816666, -6.2
28.10000038147, 1994, Nov Average, 106.816666, -6.2
28.10000038147, 1994, Dec Average, 106.816666, -6.2
27.5, 1995, Jan Average, 106.816666, -6.2
27.39999961853, 1995, Feb Average, 106.816666, -6.2
27.39999961853, 1995, Mar Average, 106.816666, -6.2
28.10000038147, 1995, Apr Average, 106.816666, -6.2
28.200000762939, 1995, May Average, 106.816666, -6.2
27.700000762939, 1995, Jun Average, 106.816666, -6.2
27.60000038147, 1995, Jul Average, 106.816666, -6.2
27.800001144409, 1995, Aug Average, 106.816666, -6.2
27.700000762939, 1995, Sep Average, 106.816666, -6.2
28, 1995, Oct Average, 106.816666, -6.2
27.800001144409, 1995, Nov Average, 106.816666, -6.2
27.39999961853, 1995, Dec Average, 106.816666, -6.2
26.89999961853, 1996, Jan Average, 106.816666, -6.2
26.700000762939, 1996, Feb Average, 106.816666, -6.2
27.700000762939, 1996, Mar Average, 106.816666, -6.2
27.89999961853, 1996, Apr Average, 106.816666, -6.2
28.39999961853, 1996, May Average, 106.816666, -6.2
27.60000038147, 1996, Jun Average, 106.816666, -6.2
27.800001144409, 1996, Jul Average, 106.816666, -6.2
27.800001144409, 1996, Aug Average, 106.816666, -6.2
27.89999961853, 1996, Sep Average, 106.816666, -6.2
27.60000038147, 1996, Oct Average, 106.816666, -6.2
28.10000038147, 1996, Nov Average, 106.816666, -6.2
27.5, 1996, Dec Average, 106.816666, -6.2
26.89999961853, 1997, Jan Average, 106.816666, -6.2
27.200000762939, 1997, Feb Average, 106.816666, -6.2
28.200000762939, 1997, Mar Average, 106.816666, -6.2
27.800001144409, 1997, Apr Average, 106.816666, -6.2
28.300001144409, 1997, May Average, 106.816666, -6.2
28.10000038147, 1997, Jun Average, 106.816666, -6.2
27.10000038147, 1997, Jul Average, 106.816666, -6.2
27.39999961853, 1997, Aug Average, 106.816666, -6.2
27.800001144409, 1997, Sep Average, 106.816666, -6.2
28.5, 1997, Oct Average, 106.816666, -6.2
28.39999961853, 1997, Nov Average, 106.816666, -6.2
28.39999961853, 1997, Dec Average, 106.816666, -6.2
28.300001144409, 1998, Jan Average, 106.816666, -6.2
28.10000038147, 1998, Feb Average, 106.816666, -6.2
28.300001144409, 1998, Mar Average, 106.816666, -6.2
28.39999961853, 1998, Apr Average, 106.816666, -6.2
29.200000762939, 1998, May Average, 106.816666, -6.2
27.700000762939, 1998, Jun Average, 106.816666, -6.2
27.300001144409, 1998, Jul Average, 106.816666, -6.2
27.89999961853, 1998, Aug Average, 106.816666, -6.2
28, 1998, Sep Average, 106.816666, -6.2
27.800001144409, 1998, Oct Average, 106.816666, -6.2
28.5, 1998, Nov Average, 106.816666, -6.2
28, 1998, Dec Average, 106.816666, -6.2
26.89999961853, 1999, Jan Average, 106.816666, -6.2
26.800001144409, 1999, Feb Average, 106.816666, -6.2
27.89999961853, 1999, Mar Average, 106.816666, -6.2
28.200000762939, 1999, Apr Average, 106.816666, -6.2
27.800001144409, 1999, May Average, 106.816666, -6.2
27.39999961853, 1999, Jun Average, 106.816666, -6.2
26.800001144409, 1999, Jul Average, 106.816666, -6.2
27.39999961853, 1999, Aug Average, 106.816666, -6.2
27.89999961853, 1999, Sep Average, 106.816666, -6.2
27.60000038147, 1999, Oct Average, 106.816666, -6.2
28.200000762939, 1999, Nov Average, 106.816666, -6.2
27.10000038147, 1999, Dec Average, 106.816666, -6.2
26.89999961853, 2000, Jan Average, 106.816666, -6.2
27, 2000, Feb Average, 106.816666, -6.2
27.700000762939, 2000, Mar Average, 106.816666, -6.2
27.800001144409, 2000, Apr Average, 106.816666, -6.2
28.5, 2000, May Average, 106.816666, -6.2
27.10000038147, 2000, Jun Average, 106.816666, -6.2
27.800001144409, 2000, Jul Average, 106.816666, -6.2
27.5, 2000, Aug Average, 106.816666, -6.2
28.10000038147, 2000, Sep Average, 106.816666, -6.2
28.39999961853, 2000, Oct Average, 106.816666, -6.2
28.300001144409, 2000, Nov Average, 106.816666, -6.2
28.200000762939, 2000, Dec Average, 106.816666, -6.2
27, 2001, Jan Average, 106.816666, -6.2
27.200000762939, 2001, Feb Average, 106.816666, -6.2
27.60000038147, 2001, Mar Average, 106.816666, -6.2
27.89999961853, 2001, Apr Average, 106.816666, -6.2
28.5, 2001, May Average, 106.816666, -6.2
27.5, 2001, Jun Average, 106.816666, -6.2
27.700000762939, 2001, Jul Average, 106.816666, -6.2
27.700000762939, 2001, Aug Average, 106.816666, -6.2
27.800001144409, 2001, Sep Average, 106.816666, -6.2
28.300001144409, 2001, Oct Average, 106.816666, -6.2
28.10000038147, 2001, Nov Average, 106.816666, -6.2
27.700000762939, 2001, Dec Average, 106.816666, -6.2
27.300001144409, 2002, Jan Average, 106.816666, -6.2
27.5, 2002, Feb Average, 106.816666, -6.2
27.89999961853, 2002, Mar Average, 106.816666, -6.2
28.200000762939, 2002, Apr Average, 106.816666, -6.2
28.700000762939, 2002, May Average, 106.816666, -6.2
27.60000038147, 2002, Jun Average, 106.816666, -6.2
28.10000038147, 2002, Jul Average, 106.816666, -6.2
27.5, 2002, Aug Average, 106.816666, -6.2
27.5, 2002, Sep Average, 106.816666, -6.2
28.10000038147, 2002, Oct Average, 106.816666, -6.2
28.300001144409, 2002, Nov Average, 106.816666, -6.2
28.200000762939, 2002, Dec Average, 106.816666, -6.2
27.10000038147, 2003, Jan Average, 106.816666, -6.2
27.39999961853, 2003, Feb Average, 106.816666, -6.2
27.700000762939, 2003, Mar Average, 106.816666, -6.2
27.800001144409, 2003, Apr Average, 106.816666, -6.2
28.800001144409, 2003, May Average, 106.816666, -6.2
27.39999961853, 2003, Jun Average, 106.816666, -6.2
26.5, 2003, Jul Average, 106.816666, -6.2
27.39999961853, 2003, Aug Average, 106.816666, -6.2
27.5, 2003, Sep Average, 106.816666, -6.2
28.39999961853, 2003, Oct Average, 106.816666, -6.2
27.89999961853, 2003, Nov Average, 106.816666, -6.2
27.800001144409, 2003, Dec Average, 106.816666, -6.2
28, 2004, Jan Average, 106.816666, -6.2
27.800001144409, 2004, Feb Average, 106.816666, -6.2
27.800001144409, 2004, Mar Average, 106.816666, -6.2
29, 2004, Apr Average, 106.816666, -6.2
28.39999961853, 2004, May Average, 106.816666, -6.2
27.39999961853, 2004, Jun Average, 106.816666, -6.2
27.89999961853, 2004, Jul Average, 106.816666, -6.2
28.200000762939, 2004, Aug Average, 106.816666, -6.2
27.10000038147, 2004, Sep Average, 106.816666, -6.2
27.800001144409, 2004, Oct Average, 106.816666, -6.2
27.39999961853, 2004, Nov Average, 106.816666, -6.2
27.39999961853, 2004, Dec Average, 106.816666, -6.2
27.800001144409, 2005, Jan Average, 106.816666, -6.2
28, 2005, Feb Average, 106.816666, -6.2
28.300001144409, 2005, Mar Average, 106.816666, -6.2
28.200000762939, 2005, Apr Average, 106.816666, -6.2
28, 2005, May Average, 106.816666, -6.2
27.800001144409, 2005, Jun Average, 106.816666, -6.2
28.10000038147, 2005, Jul Average, 106.816666, -6.2
28.200000762939, 2005, Aug Average, 106.816666, -6.2
27.89999961853, 2005, Sep Average, 106.816666, -6.2
28, 2005, Oct Average, 106.816666, -6.2
27.700000762939, 2005, Nov Average, 106.816666, -6.2
27.300001144409, 2005, Dec Average, 106.816666, -6.2
27, 2006, Jan Average, 106.816666, -6.2
27.300001144409, 2006, Feb Average, 106.816666, -6.2
28.10000038147, 2006, Mar Average, 106.816666, -6.2
28.200000762939, 2006, Apr Average, 106.816666, -6.2
27.700000762939, 2006, May Average, 106.816666, -6.2
27, 2006, Jun Average, 106.816666, -6.2
26.800001144409, 2006, Jul Average, 106.816666, -6.2
28, 2006, Aug Average, 106.816666, -6.2
27.200000762939, 2006, Sep Average, 106.816666, -6.2
28, 2006, Oct Average, 106.816666, -6.2
28, 2006, Nov Average, 106.816666, -6.2
28, 2006, Dec Average, 106.816666, -6.2
27.10000038147, 2007, Jan Average, 106.816666, -6.2
27.39999961853, 2007, Feb Average, 106.816666, -6.2
28, 2007, Mar Average, 106.816666, -6.2
28.10000038147, 2007, Apr Average, 106.816666, -6.2
28.300001144409, 2007, May Average, 106.816666, -6.2
27.89999961853, 2007, Jun Average, 106.816666, -6.2
27.800001144409, 2007, Jul Average, 106.816666, -6.2
28, 2007, Aug Average, 106.816666, -6.2
27.5, 2007, Sep Average, 106.816666, -6.2
28.60000038147, 2007, Oct Average, 106.816666, -6.2
27.89999961853, 2007, Nov Average, 106.816666, -6.2
27.39999961853, 2007, Dec Average, 106.816666, -6.2
28.300001144409, 2008, Jan Average, 106.816666, -6.2
28.300001144409, 2008, Feb Average, 106.816666, -6.2
26.800001144409, 2008, Mar Average, 106.816666, -6.2
27.89999961853, 2008, Apr Average, 106.816666, -6.2
28.300001144409, 2008, May Average, 106.816666, -6.2
27.5, 2008, Jun Average, 106.816666, -6.2
26.5, 2008, Jul Average, 106.816666, -6.2
28.10000038147, 2008, Aug Average, 106.816666, -6.2
27.700000762939, 2008, Sep Average, 106.816666, -6.2
28.89999961853, 2008, Oct Average, 106.816666, -6.2
28, 2008, Nov Average, 106.816666, -6.2
27.89999961853, 2008, Dec Average, 106.816666, -6.2
27.300001144409, 2009, Jan Average, 106.816666, -6.2
27.39999961853, 2009, Feb Average, 106.816666, -6.2
27.300001144409, 2009, Mar Average, 106.816666, -6.2
28.60000038147, 2009, Apr Average, 106.816666, -6.2
28.39999961853, 2009, May Average, 106.816666, -6.2
27.89999961853, 2009, Jun Average, 106.816666, -6.2
27.60000038147, 2009, Jul Average, 106.816666, -6.2
27.700000762939, 2009, Aug Average, 106.816666, -6.2
28.200000762939, 2009, Sep Average, 106.816666, -6.2
29.200000762939, 2009, Oct Average, 106.816666, -6.2
28.300001144409, 2009, Nov Average, 106.816666, -6.2
28.5, 2009, Dec Average, 106.816666, -6.2
27.700000762939, 2010, Jan Average, 106.816666, -6.2
28.39999961853, 2010, Feb Average, 106.816666, -6.2
28.200000762939, 2010, Mar Average, 106.816666, -6.2
28.300001144409, 2010, Apr Average, 106.816666, -6.2
28.200000762939, 2010, May Average, 106.816666, -6.2
28.10000038147, 2010, Jun Average, 106.816666, -6.2
27.89999961853, 2010, Jul Average, 106.816666, -6.2
28.300001144409, 2010, Aug Average, 106.816666, -6.2
27.800001144409, 2010, Sep Average, 106.816666, -6.2
28, 2010, Oct Average, 106.816666, -6.2
27.800001144409, 2010, Nov Average, 106.816666, -6.2
27.800001144409, 2010, Dec Average, 106.816666, -6.2
27.5, 2011, Jan Average, 106.816666, -6.2
27.89999961853, 2011, Feb Average, 106.816666, -6.2
28, 2011, Mar Average, 106.816666, -6.2
28.300001144409, 2011, Apr Average, 106.816666, -6.2
28.200000762939, 2011, May Average, 106.816666, -6.2
27.5, 2011, Jun Average, 106.816666, -6.2
27.39999961853, 2011, Jul Average, 106.816666, -6.2
27.39999961853, 2011, Aug Average, 106.816666, -6.2
27.700000762939, 2011, Sep Average, 106.816666, -6.2
28.200000762939, 2011, Oct Average, 106.816666, -6.2
27.5, 2011, Nov Average, 106.816666, -6.2
28.5, 2011, Dec Average, 106.816666, -6.2
27.200000762939, 2012, Jan Average, 106.816666, -6.2
28.300001144409, 2012, Feb Average, 106.816666, -6.2
27.5, 2012, Mar Average, 106.816666, -6.2
28.300001144409, 2012, Apr Average, 106.816666, -6.2
28.5, 2012, May Average, 106.816666, -6.2
28.10000038147, 2012, Jun Average, 106.816666, -6.2
26.89999961853, 2012, Jul Average, 106.816666, -6.2
27.39999961853, 2012, Aug Average, 106.816666, -6.2
28, 2012, Sep Average, 106.816666, -6.2
29.200000762939, 2012, Oct Average, 106.816666, -6.2
28.39999961853, 2012, Nov Average, 106.816666, -6.2
28.200000762939, 2012, Dec Average, 106.816666, -6.2
27.5, 2013, Jan Average, 106.816666, -6.2
28.10000038147, 2013, Feb Average, 106.816666, -6.2
27.60000038147, 2013, Mar Average, 106.816666, -6.2
27.39999961853, 2013, Apr Average, 106.816666, -6.2
28.300001144409, 2013, May Average, 106.816666, -6.2
28.300001144409, 2013, Jun Average, 106.816666, -6.2
27.700000762939, 2013, Jul Average, 106.816666, -6.2
28, 2013, Aug Average, 106.816666, -6.2
27.700000762939, 2013, Sep Average, 106.816666, -6.2
29, 2013, Oct Average, 106.816666, -6.2
28, 2013, Nov Average, 106.816666, -6.2
27.700000762939, 2013, Dec Average, 106.816666, -6.2
26.800001144409, 2014, Jan Average, 106.816666, -6.2
27.300001144409, 2014, Feb Average, 106.816666, -6.2
27.89999961853, 2014, Mar Average, 106.816666, -6.2
28.5, 2014, Apr Average, 106.816666, -6.2
28.39999961853, 2014, May Average, 106.816666, -6.2
28.39999961853, 2014, Jun Average, 106.816666, -6.2
27.800001144409, 2014, Jul Average, 106.816666, -6.2
27.800001144409, 2014, Aug Average, 106.816666, -6.2
27.89999961853, 2014, Sep Average, 106.816666, -6.2
28.5, 2014, Oct Average, 106.816666, -6.2
28.39999961853, 2014, Nov Average, 106.816666, -6.2
27.700000762939, 2014, Dec Average, 106.816666, -6.2
27.200000762939, 2015, Jan Average, 106.816666, -6.2
27.10000038147, 2015, Feb Average, 106.816666, -6.2
27.800001144409, 2015, Mar Average, 106.816666, -6.2
28.39999961853, 2015, Apr Average, 106.816666, -6.2
28.60000038147, 2015, May Average, 106.816666, -6.2
28, 2015, Jun Average, 106.816666, -6.2
27.5, 2015, Jul Average, 106.816666, -6.2
28, 2015, Aug Average, 106.816666, -6.2
27.89999961853, 2015, Sep Average, 106.816666, -6.2
29.200000762939, 2015, Oct Average, 106.816666, -6.2
28.60000038147, 2015, Nov Average, 106.816666, -6.2
28.300001144409, 2015, Dec Average, 106.816666, -6.2
28.200000762939, 2016, Jan Average, 106.816666, -6.2
28, 2016, Feb Average, 106.816666, -6.2
28.5, 2016, Mar Average, 106.816666, -6.2
29, 2016, Apr Average, 106.816666, -6.2
28.800001144409, 2016, May Average, 106.816666, -6.2
27.89999961853, 2016, Jun Average, 106.816666, -6.2
28, 2016, Jul Average, 106.816666, -6.2
28, 2016, Aug Average, 106.816666, -6.2
28, 2016, Sep Average, 106.816666, -6.2
28.10000038147, 2016, Oct Average, 106.816666, -6.2
28, 2016, Nov Average, 106.816666, -6.2
28.39999961853, 2016, Dec Average, 106.816666, -6.2
